Profile Pic Path,Number of Posts,Followers,Following,Label,follower_following_ratio
profile_pictures/mishra___r16_profile_pic.jpg,11,178,137,0,1.299270073
profile_pictures/blissful_belle00_profile_pic.jpg,0,3,65,0,0.04615384615
profile_pictures/arnikaajha_profile_pic.jpg,4,29,42,0,0.6904761905
profile_pictures/kku_l25_profile_pic.jpg,0,12,40,0,0.3
profile_pictures/raavimanro_profile_pic.jpg,118,246,1894,1,0.1298838437
profile_pictures/sanyukta_87_profile_pic.jpg,0,223,199,0,1.120603015
profile_pictures/knjanvi_profile_pic.jpg,252,1139,638,0,1.785266458
profile_pictures/_._feyre_.__profile_pic.jpg,14,167,374,0,0.4465240642
profile_pictures/life_with_myboys_profile_pic.jpg,555,918,2453,1,0.3742356298
profile_pictures/oishiiii_official_profile_pic.jpg,28,432,188,0,2.29787234
profile_pictures/gungunsingh_166_profile_pic.jpg,0,5,34,0,0.1470588235
profile_pictures/arryaa._______profile_pic.jpg,0,332,389,0,0.853470437
profile_pictures/aditi.agrawal.395_profile_pic.jpg,6,239,251,0,0.9521912351
profile_pictures/sakshi.bhadani_profile_pic.jpg,116,413,712,0,0.5800561798
profile_pictures/queen_jacklin__profile_pic.jpg,28,102,104,0,0.9807692308
profile_pictures/das_poulami98_profile_pic.jpg,0,6,48,0,0.125
profile_pictures/dhyan_gallant_profile_pic.jpg,10,377,509,0,0.7406679764
profile_pictures/sakshi54397_profile_pic.jpg,0,129,148,0,0.8716216216
profile_pictures/subhasmita7734_profile_pic.jpg,1,16,157,0,0.101910828
profile_pictures/piya_bembi25_profile_pic.jpg,4,240,251,0,0.9561752988
profile_pictures/stunning_ubantu_profile_pic.jpg,38,192,375,0,0.512
profile_pictures/sheetuprasad_profile_pic.jpg,26,105,896,1,0.1171875
profile_pictures/afreennnnnnn__profile_pic.jpg,45,4471,299,0,14.95317726
profile_pictures/n.v_7380_profile_pic.jpg,0,1,11,0,0.09090909091
profile_pictures/radhica.__profile_pic.jpg,2,89,236,0,0.3771186441
profile_pictures/twinkle_tiwari09_profile_pic.jpg,51,130,322,0,0.4037267081
profile_pictures/rimadey16_profile_pic.jpg,719,1512,592,0,2.554054054
profile_pictures/plabita961_profile_pic.jpg,97,1057,386,0,2.738341969
profile_pictures/pankhudi_enterprises_profile_pic.jpg,259,344,43,0,8
profile_pictures/titir449_profile_pic.jpg,10,222,551,0,0.4029038113
profile_pictures/wadhwani__sejal_profile_pic.jpg,0,181,631,0,0.2868462758
profile_pictures/auxaarius_profile_pic.jpg,2,849,472,0,1.798728814
profile_pictures/prity____saikia_profile_pic.jpg,9,1271,109,0,11.66055046
profile_pictures/mahimajainnn20_profile_pic.jpg,11,1441,838,0,1.719570406
profile_pictures/cute00_singh_profile_pic.jpg,175,22,226,0,0.09734513274
profile_pictures/mehaak.______profile_pic.jpg,82,2108,461,0,4.572668113
profile_pictures/_disha_1432__profile_pic.jpg,33,750,443,0,1.693002257
profile_pictures/prinknya_boruah_profile_pic.jpg,0,27,104,0,0.2596153846
profile_pictures/komali0411_profile_pic.jpg,3,25,206,0,0.1213592233
profile_pictures/24_bb18_profile_pic.jpg,0,3,115,0,0.02608695652
profile_pictures/ruchijain687_profile_pic.jpg,29,140,114,0,1.228070175
profile_pictures/alfuz_27_profile_pic.jpg,2,317,1634,1,0.194002448
profile_pictures/thats_whttheysaid_profile_pic.jpg,31,1,119,0,0.008403361345
profile_pictures/_pallavi0890_profile_pic.jpg,25,747,972,0,0.7685185185
profile_pictures/shru026_profile_pic.jpg,96,248,704,0,0.3522727273
profile_pictures/tanya.sharma656_profile_pic.jpg,16,166,275,0,0.6036363636
profile_pictures/jackiejanasin_s_profile_pic.jpg,0,0,1269,1,0
profile_pictures/panchiiiii___123_profile_pic.jpg,1,851,656,0,1.297256098
profile_pictures/olli___aa_profile_pic.jpg,6,18,10,0,1.8
profile_pictures/muscles_mummy_profile_pic.jpg,127,221,163,0,1.355828221
profile_pictures/itsmonami06_profile_pic.jpg,1803,538,4270,1,0.1259953162
profile_pictures/disharajput7509_profile_pic.jpg,10,65,83,0,0.7831325301
profile_pictures/parve.zshaikh96_profile_pic.jpg,0,145,1023,1,0.1417399804
profile_pictures/ankitaa_de__profile_pic.jpg,12,471,249,0,1.891566265
profile_pictures/_aadhyamalhotra_profile_pic.jpg,3,367,346,0,1.060693642
profile_pictures/khemkaswati1999_profile_pic.jpg,114,431,972,1,0.4434156379
profile_pictures/priyankadutta723_profile_pic.jpg,128,633,1277,0,0.4956930305
profile_pictures/syst.em5624_profile_pic.jpg,0,12,345,0,0.0347826087
profile_pictures/rashmi_modi18_profile_pic.jpg,52,240,414,0,0.5797101449
profile_pictures/niddzzz_9_profile_pic.jpg,0,44,120,0,0.3666666667
profile_pictures/__neeta_fernandes___profile_pic.jpg,102,454,592,0,0.7668918919
profile_pictures/alisha_prasad_2004_profile_pic.jpg,11,689,87,0,7.91954023
profile_pictures/its___diya___19_profile_pic.jpg,220,495,49,0,10.10204082
profile_pictures/btw_its_bubu_profile_pic.jpg,94,9,1341,1,0.006711409396
profile_pictures/jiyaashrma00_profile_pic.jpg,0,1,1123,1,0.0008904719501
profile_pictures/_nistha_kashyap_profile_pic.jpg,0,2732,111,0,24.61261261
profile_pictures/_sulekha_119_profile_pic.jpg,5,59,52,0,1.134615385
profile_pictures/the_imperfectgirll_profile_pic.jpg,6,123,723,0,0.1701244813
profile_pictures/aim_jee___profile_pic.jpg,0,1,577,1,0.001733102253
profile_pictures/queen_sohanasingh_profile_pic.jpg,53,168,115,0,1.460869565
profile_pictures/its_smita18_21_profile_pic.jpg,107,262,176,0,1.488636364
profile_pictures/abhiruchi736_profile_pic.jpg,2,87,114,0,0.7631578947
profile_pictures/preetisao1320_profile_pic.jpg,0,103,171,0,0.6023391813
profile_pictures/hveer__profile_pic.jpg,0,434,861,0,0.5040650407
profile_pictures/muskan_me11_profile_pic.jpg,6,45,61,0,0.737704918
profile_pictures/charminggirl470_profile_pic.jpg,0,1,10,1,0.1
profile_pictures/theonlynikiee_profile_pic.jpg,0,146,150,0,0.9733333333
profile_pictures/tanusingh.61_profile_pic.jpg,10,24,291,1,0.0824742268
profile_pictures/jaggu123______profile_pic.jpg,2,0,154,1,0
profile_pictures/ca_simran_choithani_profile_pic.jpg,50,954,765,0,1.247058824
profile_pictures/deepshikhavesle_profile_pic.jpg,25,363,842,0,0.4311163895
profile_pictures/zeba_jalil_profile_pic.jpg,39,656,512,0,1.28125
profile_pictures/beautylicious423_profile_pic.jpg,455,1349,275,0,4.905454545
profile_pictures/mehak.kalra.965_profile_pic.jpg,106,226,5776,1,0.03912742382
profile_pictures/shipubhatia_profile_pic.jpg,58,2178,609,0,3.57635468
profile_pictures/xao._.77_profile_pic.jpg,1,35,116,0,0.3017241379
profile_pictures/samruddhi_pazare16_profile_pic.jpg,0,146,663,1,0.2202111614
profile_pictures/shru07930_profile_pic.jpg,7,404,543,0,0.744014733
profile_pictures/arieehantt11_profile_pic.jpg,293,87,799,1,0.1088861076
profile_pictures/adit.2115_profile_pic.jpg,638,483,5997,1,0.08054027014
profile_pictures/vidhi_patel321_profile_pic.jpg,15,414,530,0,0.7811320755
profile_pictures/theplushgirl__profile_pic.jpg,57,445,605,0,0.7355371901
profile_pictures/lolozo000_profile_pic.jpg,0,0,97,1,0
profile_pictures/miss_sixteen_1616_profile_pic.jpg,1066,1085,6921,1,0.156769253
profile_pictures/__siddiqui_10_profile_pic.jpg,0,7,244,1,0.02868852459
profile_pictures/vaishalisoni4345_profile_pic.jpg,2,127,255,0,0.4980392157
profile_pictures/jyoti.chandani.35_profile_pic.jpg,81,209,1021,1,0.2047012733
profile_pictures/priti13957_profile_pic.jpg,74,122,38,0,3.210526316
profile_pictures/bahuguna1309_profile_pic.jpg,0,4,195,1,0.02051282051
profile_pictures/anchalchopra253_profile_pic.jpg,1710,2514,4511,1,0.5573043671
profile_pictures/ammunayak_255_profile_pic.jpg,2,1199,810,0,1.480246914
profile_pictures/aastha272_profile_pic.jpg,11,254,523,0,0.4856596558
profile_pictures/smiley67____profile_pic.jpg,1,269,72,0,3.736111111
profile_pictures/slay_yypvt_profile_pic.jpg,0,29,418,1,0.06937799043
profile_pictures/woofysnoopy_28_profile_pic.jpg,0,1,44,1,0.02272727273
profile_pictures/baljinderkaur_518_profile_pic.jpg,39,3006,793,0,3.790668348
profile_pictures/appi_118_profile_pic.jpg,0,9,29,0,0.3103448276
profile_pictures/sabiithaaa.__profile_pic.jpg,0,283,538,0,0.5260223048
profile_pictures/_devanshimunjal__profile_pic.jpg,3,115,128,0,0.8984375
profile_pictures/_anagha001_profile_pic.jpg,113,96,768,1,0.125
profile_pictures/bong_girl_raima7194_profile_pic.jpg,1137,1414,686,0,2.06122449
profile_pictures/himani_1107_profile_pic.jpg,6,715,712,0,1.004213483
profile_pictures/preeti_chandila__profile_pic.jpg,0,0,64,1,0
profile_pictures/izhaan19_26__profile_pic.jpg,3,344,274,0,1.255474453
profile_pictures/shraaddhaaa.___profile_pic.jpg,1,166,233,0,0.7124463519
profile_pictures/vishrre_123_profile_pic.jpg,22,501,2712,1,0.1847345133
profile_pictures/prerna._22__profile_pic.jpg,1,773,701,0,1.102710414
profile_pictures/bhumi.8383_profile_pic.jpg,37,495,511,0,0.9686888454
profile_pictures/shwethabalaraj_profile_pic.jpg,1,102,731,0,0.1395348837
profile_pictures/honey_rane_profile_pic.jpg,34,318,1011,1,0.3145400593
profile_pictures/preetirathod_24_profile_pic.jpg,4,694,728,0,0.9532967033
profile_pictures/funky_slam04_profile_pic.jpg,0,3,27,1,0.1111111111
profile_pictures/lala.ghazanfar_profile_pic.jpg,68,256,6291,1,0.04069305357
profile_pictures/naidusumeet_profile_pic.jpg,0,54,781,1,0.06914212548
profile_pictures/_shiv_2501_profile_pic.jpg,0,127,162,0,0.7839506173
profile_pictures/malaika__khan__profile_pic.jpg,0,76,132,0,0.5757575758
profile_pictures/nothingmuch_private_profile_pic.jpg,0,0,37,1,0
profile_pictures/fashion.fiesta.tr_profile_pic.jpg,30,30,104,1,0.2884615385
profile_pictures/imight39_profile_pic.jpg,0,6,71,1,0.08450704225
profile_pictures/sandhya_bacchar15_profile_pic.jpg,67,324,1130,1,0.2867256637
profile_pictures/maannaligondhalii_profile_pic.jpg,375,581,4824,1,0.1204394693
profile_pictures/shreya20589_profile_pic.jpg,0,0,58,1,0
profile_pictures/siyasoni_12_profile_pic.jpg,0,66,124,0,0.5322580645
profile_pictures/shii_vaani__profile_pic.jpg,43,296,353,0,0.8385269122
profile_pictures/meesho_divya22_profile_pic.jpg,0,1,43,1,0.02325581395
profile_pictures/rohit_bisht___profile_pic.jpg,234,5646,3794,0,1.488139167
profile_pictures/epshuuu_profile_pic.jpg,66,3111,1758,0,1.769624573
profile_pictures/prarthana097_profile_pic.jpg,1,426,618,0,0.6893203883
profile_pictures/heya_itsme009_profile_pic.jpg,0,0,879,1,0
profile_pictures/miss_rbt31_profile_pic.jpg,9,178,266,0,0.6691729323
profile_pictures/f_sendole19_profile_pic.jpg,0,143,279,0,0.5125448029
profile_pictures/samya_9708_profile_pic.jpg,0,10,1032,1,0.009689922481
profile_pictures/__as_expected__profile_pic.jpg,0,0,119,1,0
profile_pictures/__priya___26___profile_pic.jpg,0,686,225,0,3.048888889
profile_pictures/its_me_sapu2006_profile_pic.jpg,0,38,128,0,0.296875
profile_pictures/devil__queen__421_profile_pic.jpg,22,2338,522,0,4.478927203
profile_pictures/ig.nigganeveralive_profile_pic.jpg,0,87,107,0,0.8130841121
profile_pictures/tuff_grl_profile_pic.jpg,0,194,1953,1,0.0993343574
profile_pictures/avikaprajapati40_profile_pic.jpg,13,68,1326,1,0.05128205128
profile_pictures/harshetha_gowda_profile_pic.jpg,0,497,724,0,0.6864640884
profile_pictures/molilalwani__profile_pic.jpg,2,421,469,0,0.8976545842
profile_pictures/cherrys_pvt_profile_pic.jpg,127,37,145,1,0.2551724138
profile_pictures/anjaliharjani___profile_pic.jpg,11,312,413,0,0.7554479419
profile_pictures/_iamashukalsait__profile_pic.jpg,37,178,195,0,0.9128205128
profile_pictures/kaursimran5265_profile_pic.jpg,11,183,560,0,0.3267857143
profile_pictures/babyboo_fatima_profile_pic.jpg,420,173,16,0,10.8125
profile_pictures/nano_bhowmick_profile_pic.jpg,704,2736,1161,0,2.356589147
profile_pictures/__.gajjalll17_profile_pic.jpg,0,137,406,0,0.3374384236
profile_pictures/athili678_profile_pic.jpg,0,104,110,0,0.9454545455
profile_pictures/kyayaarchhaviiii_profile_pic.jpg,8,242,583,0,0.4150943396
profile_pictures/shm_xz_profile_pic.jpg,0,0,650,1,0
profile_pictures/ammmmu_jaaannnn_profile_pic.jpg,117,29,1075,1,0.02697674419
profile_pictures/its_me_jaanvi.890_profile_pic.jpg,137,78402,44,0,1781.863636
profile_pictures/poojawankhede___profile_pic.jpg,9,933,553,1,1.68716094
profile_pictures/blossom_babe_2307_profile_pic.jpg,0,96,129,0,0.7441860465
profile_pictures/monika___20258_profile_pic.jpg,0,0,634,1,0
profile_pictures/nan_.dita__profile_pic.jpg,33,1660,631,0,2.630744849
profile_pictures/lalar_am3899_profile_pic.jpg,19,136,303,0,0.4488448845
profile_pictures/ft.lixha_profile_pic.jpg,43,127,225,0,0.5644444444
profile_pictures/khatarnaak_ladaku_ladki34_profile_pic.jpg,14,152,2206,1,0.06890299184
profile_pictures/union_of_advocates_profile_pic.jpg,5,144,1482,1,0.0971659919
profile_pictures/khushboo_hora97_profile_pic.jpg,3,46,3216,1,0.01430348259
profile_pictures/vmasenterprises01_profile_pic.jpg,0,8,870,1,0.009195402299
profile_pictures/chanchu.saini.92_profile_pic.jpg,0,353,2197,1,0.1606736459
profile_pictures/s_oni__324_profile_pic.jpg,1,18,71,1,0.2535211268
profile_pictures/shraddha_shuklaaa_profile_pic.jpg,57,364,1302,1,0.2795698925
profile_pictures/anita23102_profile_pic.jpg,0,40,499,1,0.08016032064
profile_pictures/nasratrajput15_profile_pic.jpg,37,222,1103,1,0.2012692656
profile_pictures/mohramaled123_profile_pic.jpg,0,390,3106,1,0.1255634256
profile_pictures/ishaa_sardana_profile_pic.jpg,21,308,251,0,1.227091633
profile_pictures/shewh0her_profile_pic.jpg,5,69,752,1,0.09175531915
profile_pictures/_server_found__profile_pic.jpg,15,68,92,0,0.7391304348
profile_pictures/its.preeti1104_profile_pic.jpg,0,7,21,0,0.3333333333
profile_pictures/lubani_muskaan_profile_pic.jpg,5,134,812,1,0.1650246305
profile_pictures/maqsood9813_profile_pic.jpg,0,21,30,0,0.7
profile_pictures/shrutipathak82_profile_pic.jpg,20,296,230,0,1.286956522
profile_pictures/510_bilthe_profile_pic.jpg,145,295,487,0,0.6057494867
profile_pictures/shri.sti_7m_profile_pic.jpg,16,943,174,0,5.41954023
profile_pictures/sumitt.thakur_02_profile_pic.jpg,1,54,1071,1,0.05042016807
profile_pictures/i_shizzah_profile_pic.jpg,30,9178,213,0,43.08920188
profile_pictures/thriyapardhi_profile_pic.jpg,39,358,356,0,1.005617978
profile_pictures/deepikakothamasu_profile_pic.jpg,195,473,1223,1,0.3867538839
profile_pictures/ayanahhh.__profile_pic.jpg,0,413,374,0,1.104278075
profile_pictures/renuka_david_nadar_profile_pic.jpg,33,281,322,0,0.8726708075
profile_pictures/tanya1238322_profile_pic.jpg,15,176,130,0,1.353846154
profile_pictures/lekhraprerna_profile_pic.jpg,17,233,259,0,0.8996138996
profile_pictures/muskan840559_profile_pic.jpg,18,301,369,0,0.8157181572
profile_pictures/mariyamyamyamm_profile_pic.jpg,0,183,777,1,0.2355212355
profile_pictures/the_shalini_cooks_profile_pic.jpg,203,384,1143,1,0.3359580052
profile_pictures/___n.i.c.k.y.___profile_pic.jpg,34,2946,840,0,3.507142857
profile_pictures/shivangi_xoxo__profile_pic.jpg,34,1795,272,0,6.599264706
profile_pictures/kaveeta_1111_profile_pic.jpg,0,0,941,1,0
profile_pictures/kaberymedhi_profile_pic.jpg,4,37,125,0,0.296
profile_pictures/anushka_paul94_profile_pic.jpg,561,151,1611,1,0.09373060211
profile_pictures/amisha_bijagare_20_profile_pic.jpg,47,141,158,0,0.8924050633
profile_pictures/rnbdlrhmn8_profile_pic.jpg,13,240,1428,1,0.1680672269
profile_pictures/nandeeswarii_profile_pic.jpg,215,330,2977,1,0.1108498488
profile_pictures/2001dona__profile_pic.jpg,48,123,98,0,1.255102041
profile_pictures/_sn_eha_.das_profile_pic.jpg,73,2094,731,0,2.864569083
profile_pictures/loveheart6660_profile_pic.jpg,8,55,2346,1,0.02344416027
profile_pictures/mahamfazal2000_profile_pic.jpg,0,9,669,1,0.0134529148
profile_pictures/shruti34217_profile_pic.jpg,253,682,1123,1,0.60730187
profile_pictures/shree_naik09_profile_pic.jpg,0,266,329,0,0.8085106383
profile_pictures/thombre3969_profile_pic.jpg,43,150,257,0,0.5836575875
profile_pictures/__itsnotindu___profile_pic.jpg,3,236,387,0,0.6098191214
profile_pictures/_vaishu_jsl___profile_pic.jpg,18,142,232,0,0.6120689655
profile_pictures/mandrita_3110_profile_pic.jpg,941,1833,514,0,3.56614786
profile_pictures/isaswatii_.zz_profile_pic.jpg,6,911,219,0,4.159817352
profile_pictures/_nehah___profile_pic.jpg,6,117,90,0,1.3
profile_pictures/murshida5027_profile_pic.jpg,39,51,148,0,0.3445945946
profile_pictures/alllbinnaaa_profile_pic.jpg,27,2,2103,1,0.000951022349
profile_pictures/__anjalii__yadav___profile_pic.jpg,269,5399,68,0,79.39705882
profile_pictures/shivana07_____profile_pic.jpg,0,37,174,1,0.2126436782
profile_pictures/justjatin.js_profile_pic.jpg,0,869,169,0,5.142011834
profile_pictures/itg__as__khan_profile_pic.jpg,0,7,110,1,0.06363636364
profile_pictures/hr_moni_choudhary_profile_pic.jpg,0,244,77,0,3.168831169
profile_pictures/kapda_bazar_rajim_profile_pic.jpg,418,1660,908,0,1.828193833
profile_pictures/s_a_p_n_a6942_profile_pic.jpg,0,51,526,1,0.0969581749
profile_pictures/payalsinha10_profile_pic.jpg,64,659,1232,0,0.5349025974
profile_pictures/theshilpasonii_profile_pic.jpg,117,7006,230,0,30.46086957
profile_pictures/p_r_i_y_a_n_s_h_i_09_profile_pic.jpg,243,561,194,0,2.891752577
profile_pictures/imran404243_profile_pic.jpg,0,44,884,1,0.04977375566
profile_pictures/naira__ekka_profile_pic.jpg,20,209,57,0,3.666666667
profile_pictures/sneha.karmakar4_profile_pic.jpg,114,223,219,0,1.01826484
profile_pictures/neno_ke_nen_profile_pic.jpg,53,7994,3303,0,2.420224039
profile_pictures/its_meenkaur_profile_pic.jpg,8,178,242,0,0.7355371901
profile_pictures/sital_chandrakar_profile_pic.jpg,0,33,58,0,0.5689655172
profile_pictures/sep20neha_profile_pic.jpg,147,118,1951,1,0.0604818042
profile_pictures/itz_____mona.01_profile_pic.jpg,0,4,148,1,0.02702702703
profile_pictures/ramya_shetty_6_profile_pic.jpg,0,1324,904,0,1.46460177
profile_pictures/_.nithu._19_profile_pic.jpg,0,217,354,0,0.6129943503
profile_pictures/tinaaaa1417_profile_pic.jpg,0,4,68,1,0.05882352941
profile_pictures/miss_nakhro_dipali0329_profile_pic.jpg,463,1062,380,0,2.794736842
profile_pictures/bhavanaa.parmar___profile_pic.jpg,8,1241,800,0,1.55125
profile_pictures/gvaishali133_profile_pic.jpg,50,629,1207,1,0.5211267606
profile_pictures/clear_as_marbel_curious_profile_pic.jpg,212,679,5474,1,0.1240409207
profile_pictures/dr_t_k__profile_pic.jpg,132,662,1688,0,0.3921800948
profile_pictures/swethasays_profile_pic.jpg,53,240,1196,1,0.2006688963
profile_pictures/barnana_mukherjee_97_profile_pic.jpg,340,749,402,0,1.86318408
profile_pictures/harman__uday_profile_pic.jpg,53,54,96,0,0.5625
profile_pictures/dipsakhadgi_profile_pic.jpg,1132,307,575,0,0.5339130435
profile_pictures/arpitamohanty397_profile_pic.jpg,118,662,421,0,1.572446556
profile_pictures/heyy.y5201_profile_pic.jpg,0,0,9,1,0
profile_pictures/das.priya166_profile_pic.jpg,174,950,669,0,1.420029895
profile_pictures/sonia_batra_07_profile_pic.jpg,68,296,3098,1,0.09554551323
profile_pictures/yashika__026_profile_pic.jpg,8,178,175,0,1.017142857
profile_pictures/sharmabharti1___profile_pic.jpg,2,386,618,0,0.6245954693
profile_pictures/shivam.rastogi.90281943_profile_pic.jpg,41,18,87,0,0.2068965517
profile_pictures/giraffe.87722_profile_pic.jpg,5,29,264,1,0.1098484848
profile_pictures/ag__khushi___profile_pic.jpg,12,168,195,0,0.8615384615
profile_pictures/_anonymouxs___profile_pic.jpg,0,27,42,0,0.6428571429
profile_pictures/piyucheema08_profile_pic.jpg,374,8190,190,0,43.10526316
profile_pictures/_har_har_mhadav90_profile_pic.jpg,37,56,75,0,0.7466666667
profile_pictures/rohith.__.reddy__profile_pic.jpg,0,2,76,1,0.02631578947
profile_pictures/jalpa_kushal_parmar_09_profile_pic.jpg,51,1494,3022,0,0.4943745864
profile_pictures/_deepzzzzz_00_profile_pic.jpg,0,1106,213,0,5.192488263
profile_pictures/roshni.kota_profile_pic.jpg,29,163,365,0,0.4465753425
profile_pictures/chadda7686_profile_pic.jpg,2,6,245,1,0.02448979592
profile_pictures/ammulyared_profile_pic.jpg,0,0,3421,1,0
profile_pictures/madushika_rodrigo2002_profile_pic.jpg,107,653,1502,1,0.4347536618
profile_pictures/sayantika_das622_profile_pic.jpg,521,1897,356,0,5.328651685
profile_pictures/bhupurai007_profile_pic.jpg,15,70,284,0,0.2464788732
profile_pictures/chidwilasini_sambangi_profile_pic.jpg,2,118,539,1,0.2189239332
profile_pictures/call_mi_dora091822_profile_pic.jpg,53,472,1641,1,0.2876294942
profile_pictures/its._.haniya_007_profile_pic.jpg,0,521,222,0,2.346846847
profile_pictures/shirishreule_profile_pic.jpg,84,230,234,0,0.9829059829
profile_pictures/nehadate_0210_profile_pic.jpg,0,113,861,1,0.131242741
profile_pictures/mou___dwan_profile_pic.jpg,2,1239,1924,0,0.643970894
profile_pictures/priti_queen01.1_profile_pic.jpg,102,9985,390,0,25.6025641
profile_pictures/alivia.maity.77_profile_pic.jpg,5,685,626,0,1.094249201
profile_pictures/shifaelu240_profile_pic.jpg,8,24,54,0,0.4444444444
profile_pictures/dishuuu._111_profile_pic.jpg,3,107,158,0,0.6772151899
profile_pictures/itz_trendy_profile_pic.jpg,339,1880,4817,0,0.3902844094
profile_pictures/___.excelsior.____profile_pic.jpg,19,1715,564,0,3.040780142
profile_pictures/aftabshaikh.aftabshaikh.0786_profile_pic.jpg,95,661,1661,1,0.3979530403
profile_pictures/_karishma_rao_profile_pic.jpg,165,300,916,1,0.327510917
profile_pictures/_.s_h_i_v_u_.__profile_pic.jpg,55,125,559,1,0.2236135957
profile_pictures/nabanita.xoxo_profile_pic.jpg,21,731,1370,1,0.5335766423
profile_pictures/yuktagorde_profile_pic.jpg,15,430,498,0,0.8634538153
profile_pictures/liya_ayder_profile_pic.jpg,0,463,463,0,1
profile_pictures/swathi____0902_profile_pic.jpg,12,630,117,0,5.384615385
profile_pictures/__meetu__xd___profile_pic.jpg,44,542,754,0,0.7188328912
profile_pictures/mehtakhushi0808_profile_pic.jpg,0,21,1339,1,0.01568334578
profile_pictures/sahermalik17_profile_pic.jpg,0,17,537,1,0.03165735568
profile_pictures/_ilakhiya.__profile_pic.jpg,17,1010,369,0,2.737127371
profile_pictures/_ravi_sisodiya123_profile_pic.jpg,12,0,186,1,0
profile_pictures/_brittlestar__profile_pic.jpg,11,853,428,0,1.992990654
profile_pictures/_eternal_self_mastery__profile_pic.jpg,0,0,962,1,0
profile_pictures/bhartisharma951__profile_pic.jpg,202,311,288,0,1.079861111
profile_pictures/thekushaaa_25_profile_pic.jpg,31,767,430,0,1.78372093
profile_pictures/nagda_preeti_profile_pic.jpg,15,54,425,1,0.1270588235
profile_pictures/nagasrividya_profile_pic.jpg,65,429,1949,1,0.2201128784
profile_pictures/ekta___19_profile_pic.jpg,0,56,70,0,0.8
profile_pictures/manishugrover_06_profile_pic.jpg,393,689,44,0,15.65909091
profile_pictures/rishudhiman390_profile_pic.jpg,0,960,305,0,3.147540984
profile_pictures/kalpna971_profile_pic.jpg,66,111,120,0,0.925
profile_pictures/prachi_gulati10_profile_pic.jpg,19,428,2562,1,0.1670569867
profile_pictures/bhummi_____profile_pic.jpg,3,989,180,0,5.494444444
profile_pictures/sufixedit_profile_pic.jpg,19,61,403,0,0.1513647643
profile_pictures/sonujain3369_profile_pic.jpg,1,258,1659,1,0.1555153707
profile_pictures/garim.a2005_profile_pic.jpg,0,62,71,0,0.8732394366
profile_pictures/_sahani_jyoti__profile_pic.jpg,1,846,1271,0,0.6656176239
profile_pictures/pihu__p40_profile_pic.jpg,0,70,160,0,0.4375
profile_pictures/priyamishra8150_profile_pic.jpg,1448,4600,1880,0,2.446808511
profile_pictures/aviprakash95_profile_pic.jpg,35,178,4621,1,0.03851980091
profile_pictures/monali_thakur998_profile_pic.jpg,2,187,598,0,0.3127090301
profile_pictures/__sonaakshii___profile_pic.jpg,0,496,466,0,1.064377682
profile_pictures/sne_pvttttt_profile_pic.jpg,0,22,31,0,0.7096774194
profile_pictures/m_a_t_h_o_i_profile_pic.jpg,0,1,20,1,0.05
profile_pictures/ras_hmi4440_profile_pic.jpg,53,1038,400,0,2.595
profile_pictures/lilkveenn_profile_pic.jpg,29,2400,777,0,3.088803089
profile_pictures/nishh_rajputt_profile_pic.jpg,219,956,383,0,2.496083551
profile_pictures/aishu.palkar_profile_pic.jpg,0,9,190,1,0.04736842105
profile_pictures/shri_ram_girls_collection_profile_pic.jpg,306,2419,1349,0,1.793180133
profile_pictures/affiliate_sara01_profile_pic.jpg,16,57,28,0,2.035714286
profile_pictures/shruti_guptaaa__profile_pic.jpg,4,166,185,0,0.8972972973
profile_pictures/kirti_jindal12_profile_pic.jpg,7,69,298,0,0.2315436242
profile_pictures/ksagir182_profile_pic.jpg,4,57,49,0,1.163265306
profile_pictures/ghosh_mismi_profile_pic.jpg,82,158,115,0,1.373913043
profile_pictures/dibya43579_profile_pic.jpg,3,42,9,0,4.666666667
profile_pictures/tospohitro_profile_pic.jpg,0,0,171,1,0
profile_pictures/_kissu2801_profile_pic.jpg,0,422,197,0,2.14213198
profile_pictures/___payuu___profile_pic.jpg,0,289,262,0,1.103053435
profile_pictures/justice_fan_only_profile_pic.jpg,191,62,213,0,0.2910798122
profile_pictures/pratilyadav2449_profile_pic.jpg,0,4,180,1,0.02222222222
profile_pictures/oinamlishna_profile_pic.jpg,0,89,514,1,0.173151751
profile_pictures/sadiamirza_04_profile_pic.jpg,0,56,1753,1,0.03194523674
profile_pictures/ruhi_5561_profile_pic.jpg,23,8,37,0,0.2162162162
profile_pictures/riya.nshi3475_profile_pic.jpg,0,10,56,0,0.1785714286
profile_pictures/nithu_narayana_06_profile_pic.jpg,22,208,1145,1,0.1816593886
profile_pictures/officialsutapa.01_profile_pic.jpg,37,111,78,0,1.423076923
profile_pictures/_preety_hipe_2005__profile_pic.jpg,0,23,135,0,0.1703703704
profile_pictures/gowthami_baskaran_profile_pic.jpg,29,541,2138,0,0.2530402245
profile_pictures/its_dipanwita_official_profile_pic.jpg,9,713,666,0,1.070570571
profile_pictures/jenijoy_gabriel_profile_pic.jpg,22,855,3709,0,0.2305203559
profile_pictures/_i_am_hina_profile_pic.jpg,16,561,540,0,1.038888889
profile_pictures/___strvlightt.___profile_pic.jpg,0,0,182,1,0
profile_pictures/akansharawat199608_profile_pic.jpg,94,37,96,0,0.3854166667
profile_pictures/heena0952_profile_pic.jpg,0,8,99,1,0.08080808081
profile_pictures/divyanshigehlot2_profile_pic.jpg,51,916,671,0,1.365126677
profile_pictures/kajaljaiswal2498_profile_pic.jpg,13,33,1133,1,0.02912621359
profile_pictures/payalmali8179_profile_pic.jpg,10,214,296,0,0.722972973
profile_pictures/ahiirrani__profile_pic.jpg,0,45,473,0,0.09513742072
profile_pictures/snehu_2925_profile_pic.jpg,0,250,584,0,0.4280821918
profile_pictures/siyo.na143_profile_pic.jpg,0,0,96,1,0
profile_pictures/style_hubb_china_profile_pic.jpg,9,1186,11,0,107.8181818
profile_pictures/an_u_sh_ka__profile_pic.jpg,0,1461,550,0,2.656363636
profile_pictures/itipritii_profile_pic.jpg,247,74,186,0,0.3978494624
profile_pictures/su.vly_vy_profile_pic.jpg,0,12,44,0,0.2727272727
profile_pictures/mrs.shaikh__a_profile_pic.jpg,10,90,1100,1,0.08181818182
profile_pictures/fash.ion083_profile_pic.jpg,0,2,148,1,0.01351351351
profile_pictures/nit.it_iv_profile_pic.jpg,1,81,127,0,0.6377952756
profile_pictures/tanushree_nu_profile_pic.jpg,2,301,137,0,2.197080292
profile_pictures/srish.tii____profile_pic.jpg,1,212,254,0,0.8346456693
profile_pictures/kya_yaar_devanshi_profile_pic.jpg,29,713,4298,0,0.1658911121
profile_pictures/riaa.rwt.45_profile_pic.jpg,0,0,116,1,0
profile_pictures/pixi9691_profile_pic.jpg,0,0,157,1,0
profile_pictures/disha__pradhan_profile_pic.jpg,1,126,233,0,0.5407725322
profile_pictures/s.k__1698_profile_pic.jpg,28,99,465,0,0.2129032258
profile_pictures/_freakyy.ashhh__profile_pic.jpg,102,147,1289,1,0.1140418929
profile_pictures/saha.suprita_profile_pic.jpg,30,924,255,0,3.623529412
profile_pictures/jiyaa_39917373_profile_pic.jpg,4,17,111,0,0.1531531532
profile_pictures/divya_ghagat_profile_pic.jpg,7,58,47,0,1.234042553
profile_pictures/its_poonam_saw_profile_pic.jpg,29,494,331,0,1.49244713
profile_pictures/shivangisingh2501_profile_pic.jpg,147,1481,259,0,5.718146718
profile_pictures/ritikapruthi__profile_pic.jpg,158,465,955,0,0.4869109948
profile_pictures/anusha_mopidevi_profile_pic.jpg,7,537,942,0,0.5700636943
profile_pictures/n_e_h_h_a__profile_pic.jpg,14,667,138,0,4.833333333
profile_pictures/aruna_chal2023_profile_pic.jpg,2,22,385,1,0.05714285714
profile_pictures/kritika229.__profile_pic.jpg,22,428,1263,0,0.3388756928
profile_pictures/prvt_misti__profile_pic.jpg,13,117,147,0,0.7959183673
profile_pictures/malini5036_profile_pic.jpg,0,10,1409,1,0.007097232079
profile_pictures/ankitag2729_profile_pic.jpg,3,75,598,0,0.1254180602
profile_pictures/n_o__b_le__m_y__s_t__i_q__ue_n_profile_pic.jpg,1,263,3122,1,0.08424087124
profile_pictures/shw.eta7882_profile_pic.jpg,24,26,155,0,0.1677419355
profile_pictures/kajal_sanan__profile_pic.jpg,80,1621,915,0,1.771584699
profile_pictures/sarkaoindrila_profile_pic.jpg,0,136,2672,1,0.05089820359
profile_pictures/nainakaur197_profile_pic.jpg,0,22,518,1,0.04247104247
profile_pictures/jina7770_profile_pic.jpg,136,149,256,0,0.58203125
profile_pictures/surbhisamanta_profile_pic.jpg,48,217,686,0,0.3163265306
profile_pictures/swati_____khanna_profile_pic.jpg,0,324,284,0,1.14084507
profile_pictures/varun_shrivastav_2110_profile_pic.jpg,30,104,417,0,0.2494004796
profile_pictures/moliiii2006_profile_pic.jpg,0,58,368,1,0.1576086957
profile_pictures/anjali.sajnani.353_profile_pic.jpg,1,44,509,0,0.08644400786
profile_pictures/j_u_n_a_l_i.k_a_n_u_n_g_o_e.06_profile_pic.jpg,261,239,1382,0,0.1729377713
profile_pictures/snigdhatripathy20_profile_pic.jpg,8,574,518,0,1.108108108
profile_pictures/aestheticheart_1501_profile_pic.jpg,69,330,164,0,2.012195122
profile_pictures/julie___30_profile_pic.jpg,19,1018,547,0,1.861060329
profile_pictures/sushma_ray_17_profile_pic.jpg,0,215,182,0,1.181318681
profile_pictures/amitagrawal8527_profile_pic.jpg,139,215,738,1,0.2913279133
profile_pictures/chaannccyyyy_profile_pic.jpg,0,3,47,1,0.06382978723
profile_pictures/pallavi_sharma_1805_profile_pic.jpg,25,927,503,0,1.842942346
profile_pictures/nabiie_x0_profile_pic.jpg,41,1059,380,0,2.786842105
profile_pictures/sanjana.khemani.sk_profile_pic.jpg,181,1014,636,0,1.594339623
profile_pictures/ba_bli4967_profile_pic.jpg,0,78,207,1,0.3768115942
profile_pictures/wadhwani8052_profile_pic.jpg,9,1006,2062,0,0.4878758487
profile_pictures/anjel_uikey_profile_pic.jpg,6,229,282,0,0.8120567376
profile_pictures/ayeshalalwani__profile_pic.jpg,28,133,638,0,0.2084639498
profile_pictures/ishusubhash_profile_pic.jpg,68,323,393,0,0.8218829517
profile_pictures/jvshx_jo_profile_pic.jpg,0,431,1556,0,0.2769922879
profile_pictures/shrikalika_selection_profile_pic.jpg,23,139,435,0,0.3195402299
profile_pictures/kajal__lohani_profile_pic.jpg,10,166,244,0,0.6803278689
profile_pictures/monu_cr_70_profile_pic.jpg,8,188,121,0,1.553719008
profile_pictures/marwa_waahh_profile_pic.jpg,0,183,2152,1,0.08503717472
profile_pictures/tegzesemuede_profile_pic.jpg,146,192,2943,0,0.06523955148
profile_pictures/pvt.anushi_profile_pic.jpg,25,25,449,1,0.05567928731
profile_pictures/jiya.patill_profile_pic.jpg,120,1581,738,0,2.142276423
profile_pictures/shivholic90shwetagupta_profile_pic.jpg,18,260,4750,1,0.05473684211
profile_pictures/sushmachaoudhary_profile_pic.jpg,47,2,2181,1,0.0009170105456
profile_pictures/bishttt12_profile_pic.jpg,383,205,272,0,0.7536764706
profile_pictures/realkhushi_135_profile_pic.jpg,102,1128,375,0,3.008
profile_pictures/nainas_lifee_profile_pic.jpg,85,67,780,0,0.0858974359
profile_pictures/chinu0_.11_profile_pic.jpg,28,87,308,0,0.2824675325
profile_pictures/komal_27sharma2000_profile_pic.jpg,17,466,365,0,1.276712329
profile_pictures/priyankachopra6260_profile_pic.jpg,51,125,376,0,0.3324468085
profile_pictures/mistuuu__19_profile_pic.jpg,15,641,108,0,5.935185185
profile_pictures/deepshika_66_profile_pic.jpg,7,215,73,0,2.945205479
profile_pictures/__moonchild_7___profile_pic.jpg,18,1414,199,0,7.105527638
profile_pictures/__radhika_naidu_profile_pic.jpg,1,22,833,1,0.02641056423
profile_pictures/____arinaaaa_profile_pic.jpg,0,297,404,0,0.7351485149
profile_pictures/jamuna_yeshu_profile_pic.jpg,0,18,199,1,0.09045226131
profile_pictures/prachi__dubey19_profile_pic.jpg,21,267,241,0,1.107883817
profile_pictures/neha_modi12_profile_pic.jpg,30,333,1729,0,0.1925968768
profile_pictures/nishtha_agarwal222_profile_pic.jpg,16,177,1828,0,0.09682713348
profile_pictures/sonaliasmitaashokkalpeshnate_profile_pic.jpg,540,654,3234,1,0.2022263451
profile_pictures/leechi913_profile_pic.jpg,0,2,53,1,0.03773584906
profile_pictures/_.ammzzz.__profile_pic.jpg,16,3328,1225,0,2.716734694
profile_pictures/lembii123456789_profile_pic.jpg,0,12,317,1,0.03785488959
profile_pictures/rimapomal_profile_pic.jpg,3,221,1681,1,0.1314693635
profile_pictures/riyagawande16_profile_pic.jpg,12,987,2006,0,0.4920239282
profile_pictures/preetimotwani1212_profile_pic.jpg,4,91,2514,1,0.03619729515
profile_pictures/asha_vijayyy_profile_pic.jpg,184,1172,1166,0,1.005145798
profile_pictures/itz_ananya.06_profile_pic.jpg,0,2,36,1,0.05555555556
profile_pictures/_rupali_lahudkar__profile_pic.jpg,7,596,730,0,0.8164383562
profile_pictures/ravii_.suriyaa_profile_pic.jpg,1,114,394,0,0.2893401015
profile_pictures/sas.sy84_profile_pic.jpg,0,0,26,1,0
profile_pictures/bavi6010_profile_pic.jpg,2,127,933,0,0.1361200429
profile_pictures/na.ndni4218_profile_pic.jpg,19,125,174,0,0.7183908046
profile_pictures/_hey_ishuuu__profile_pic.jpg,32,162,310,0,0.5225806452
profile_pictures/darakhshahhhh__24_profile_pic.jpg,0,147,385,0,0.3818181818
profile_pictures/pranikrish143_profile_pic.jpg,4,27,478,0,0.05648535565
profile_pictures/hammu.hrmn_profile_pic.jpg,62,134,183,0,0.7322404372
profile_pictures/_.vineela07.__profile_pic.jpg,75,367,514,0,0.7140077821
profile_pictures/isha_.janghel.__profile_pic.jpg,18,526,295,0,1.783050847
profile_pictures/shine32123_profile_pic.jpg,0,0,738,1,0
profile_pictures/imka_mate__profile_pic.jpg,0,148,259,0,0.5714285714
profile_pictures/rukhsar371_profile_pic.jpg,61,34,1692,0,0.02009456265
profile_pictures/aa_shi9652_profile_pic.jpg,0,1,145,1,0.006896551724
profile_pictures/nidzz03_profile_pic.jpg,0,355,290,0,1.224137931
profile_pictures/_tanvee_19_profile_pic.jpg,50,65,105,0,0.619047619
profile_pictures/sakshidobhal1997_profile_pic.jpg,143,73,300,0,0.2433333333
profile_pictures/ashwiniiprabhu_profile_pic.jpg,4,933,1310,0,0.7122137405
profile_pictures/nishai2_68_profile_pic.jpg,0,249,1903,1,0.1308460326
profile_pictures/gurluhearneditt.__profile_pic.jpg,0,0,264,1,0
profile_pictures/u_06_00_profile_pic.jpg,0,8,171,1,0.04678362573
profile_pictures/thewalking_dead1923_profile_pic.jpg,0,40,1361,1,0.0293901543
profile_pictures/umar1212q_profile_pic.jpg,0,0,1054,1,0
profile_pictures/renu_14___profile_pic.jpg,0,0,184,1,0
profile_pictures/priyaa_shekhawat11_profile_pic.jpg,0,269,3092,1,0.08699870634
profile_pictures/plk_allawadhi17_profile_pic.jpg,60,660,429,0,1.538461538
profile_pictures/rimamirady_profile_pic.jpg,0,0,409,1,0
profile_pictures/tonishka4_profile_pic.jpg,0,58,630,0,0.09206349206
profile_pictures/_felix_official_18_profile_pic.jpg,0,15,49,0,0.306122449
profile_pictures/usha_paras_sankala_profile_pic.jpg,1,228,360,0,0.6333333333
profile_pictures/manik__malhotra__54_profile_pic.jpg,0,78,3477,1,0.02243313201
profile_pictures/nz.wala.rk_profile_pic.jpg,40,178,385,0,0.4623376623
profile_pictures/komal_kanojiya_28_profile_pic.jpg,12,128,148,0,0.8648648649
profile_pictures/dolcevitainterprises_profile_pic.jpg,15,50,80,0,0.625
profile_pictures/itz_arohi_999_profile_pic.jpg,0,84,850,1,0.09882352941
profile_pictures/aesthetically_yours94_profile_pic.jpg,49,625,2340,0,0.2670940171
profile_pictures/nehakeertani_profile_pic.jpg,50,629,3797,0,0.1656570977
profile_pictures/zalakdhavalpatel9002_profile_pic.jpg,22,635,1361,0,0.4665686995
profile_pictures/mrs__foodie__girl__143_profile_pic.jpg,0,126,202,0,0.6237623762
profile_pictures/angrygal.c_ishhhhh_profile_pic.jpg,291,50080,351,0,142.6780627
profile_pictures/madhukumari_singh_profile_pic.jpg,0,27,930,1,0.02903225806
profile_pictures/pick_the_odd_me_profile_pic.jpg,33,653,488,0,1.338114754
profile_pictures/shrishtijain1810_profile_pic.jpg,16,376,458,0,0.8209606987
profile_pictures/__.priyaa20_profile_pic.jpg,0,77,94,0,0.8191489362
profile_pictures/maya_khan9918_profile_pic.jpg,0,194,58,0,3.344827586
profile_pictures/ananya__meher_profile_pic.jpg,0,277,310,0,0.8935483871
profile_pictures/bhanviisharmaa_profile_pic.jpg,16,217,323,0,0.6718266254
profile_pictures/taiima321_profile_pic.jpg,0,81,5389,1,0.01503061793
profile_pictures/natalie_david_21_profile_pic.jpg,50,2249,2710,0,0.8298892989
profile_pictures/kashaf_faiyaz_profile_pic.jpg,64,1439,754,0,1.908488064
profile_pictures/sameeksha_g_14_profile_pic.jpg,27,140,470,0,0.2978723404
profile_pictures/_baby_gro__profile_pic.jpg,6,301,118,0,2.550847458
profile_pictures/_poojasolanki__profile_pic.jpg,109,525,890,0,0.5898876404
profile_pictures/aman_girls_jon_profile_pic.jpg,135,1054,1279,0,0.8240813135
profile_pictures/sravani_budhara_profile_pic.jpg,0,3,288,1,0.01041666667
profile_pictures/tanisha_kasera421_profile_pic.jpg,5,52,66,0,0.7878787879
profile_pictures/tiaaaa_097_profile_pic.jpg,24,309,569,0,0.5430579965
profile_pictures/flowerbluest.0315_profile_pic.jpg,0,26,74,0,0.3513513514
profile_pictures/nikkigupta2004_profile_pic.jpg,77,301,213,0,1.41314554
profile_pictures/maira_choudhary78_profile_pic.jpg,24,118,213,0,0.5539906103
profile_pictures/shivujariwala_profile_pic.jpg,230,5183,2851,0,1.817958611
profile_pictures/hones_tlyaditi_profile_pic.jpg,1,203,180,0,1.127777778
profile_pictures/rkparmar450_profile_pic.jpg,1,133,241,0,0.5518672199
profile_pictures/harshita_kushwah_____profile_pic.jpg,0,23,745,1,0.03087248322
profile_pictures/lakshuu___5544_profile_pic.jpg,0,52,93,0,0.5591397849
profile_pictures/rimple200_profile_pic.jpg,0,17,78,0,0.2179487179
profile_pictures/__poojasingh_profile_pic.jpg,4,319,943,0,0.3382820785
profile_pictures/the_anushka_raj_profile_pic.jpg,23,199,557,0,0.3572710952
profile_pictures/tinsi_begmal_profile_pic.jpg,285,2015,496,0,4.0625
profile_pictures/dhh_7m_profile_pic.jpg,0,6,84,1,0.07142857143
profile_pictures/naughtygirl_2021__profile_pic.jpg,0,5,129,1,0.03875968992
profile_pictures/suchic815_profile_pic.jpg,222,419,1565,0,0.2677316294
profile_pictures/ritakochher123_profile_pic.jpg,160,201,325,0,0.6184615385
profile_pictures/dishasoni_______profile_pic.jpg,5,2887,625,0,4.6192
profile_pictures/shifamehendiarts_profile_pic.jpg,308,3877,951,0,4.076761304
profile_pictures/gjayita_2007_profile_pic.jpg,74,568,314,0,1.808917197
profile_pictures/kir_3501_profile_pic.jpg,102,829,61,0,13.59016393
profile_pictures/simranbhatia_25_profile_pic.jpg,14,83,117,0,0.7094017094
profile_pictures/its_bhanu067_profile_pic.jpg,61,1147,63,0,18.20634921
profile_pictures/samruddhi._t_profile_pic.jpg,0,66,316,1,0.2088607595
profile_pictures/priy.anshi2210_profile_pic.jpg,79,1033,238,0,4.340336134
profile_pictures/yamilethguerra03_profile_pic.jpg,1,0,191,1,0
profile_pictures/aaadditi_profile_pic.jpg,0,1,511,1,0.001956947162
profile_pictures/rasshiiii2008_profile_pic.jpg,0,5,300,1,0.01666666667
profile_pictures/_sana_.sherin_profile_pic.jpg,0,330,302,0,1.092715232
profile_pictures/_ma.yuri__profile_pic.jpg,3,212,127,0,1.669291339
profile_pictures/venator_riuga_profile_pic.jpg,33,135,2626,0,0.05140898705
profile_pictures/bazarcalcutta_profile_pic.jpg,416,302,891,0,0.3389450056
profile_pictures/ahiza596_profile_pic.jpg,0,9,114,1,0.07894736842
profile_pictures/___shubhi01_profile_pic.jpg,3,209,354,0,0.5903954802
profile_pictures/amandwi_vedi_profile_pic.jpg,0,43,188,0,0.2287234043
profile_pictures/vanashreebavkar_profile_pic.jpg,257,325,416,0,0.78125
profile_pictures/_.silent_predator_08.__profile_pic.jpg,0,518,6600,1,0.07848484848
profile_pictures/_regina.phelangeee__profile_pic.jpg,62,403,472,0,0.8538135593
profile_pictures/kanhaiy__roy_07_profile_pic.jpg,12,198,306,0,0.6470588235
profile_pictures/piu___9_profile_pic.jpg,28,1646,674,0,2.442136499
profile_pictures/x____sourabh____x_profile_pic.jpg,52,822,1113,0,0.7385444744
profile_pictures/afra_habeeba__profile_pic.jpg,0,395,2515,1,0.1570576541
profile_pictures/kvta_c_profile_pic.jpg,0,65,1137,1,0.05716798593
profile_pictures/officia_radha0786_profile_pic.jpg,0,39,508,1,0.07677165354
profile_pictures/susmakarki64_profile_pic.jpg,17,15,274,1,0.05474452555
profile_pictures/__queen__inside___profile_pic.jpg,152,958,1035,0,0.9256038647
profile_pictures/anjalipatel5548_profile_pic.jpg,41,158,515,0,0.3067961165
profile_pictures/_.ankitaaa_profile_pic.jpg,36,663,535,0,1.239252336
profile_pictures/anu_girame_profile_pic.jpg,13,78,76,0,1.026315789
profile_pictures/its_priyaazz_profile_pic.jpg,0,150,314,0,0.4777070064
profile_pictures/__supraja_05___profile_pic.jpg,0,268,266,0,1.007518797
profile_pictures/nandniii_harkhani_profile_pic.jpg,0,254,489,0,0.5194274029
profile_pictures/_uditaayayayaya_profile_pic.jpg,9,827,851,0,0.9717978848
profile_pictures/anupriya.d_profile_pic.jpg,278,1758,934,0,1.882226981
profile_pictures/haeun_ray3832_profile_pic.jpg,324,233,395,0,0.5898734177
profile_pictures/wrdwrd5305_profile_pic.jpg,0,36,1122,1,0.0320855615
profile_pictures/_lahmina__profile_pic.jpg,4,1016,425,0,2.390588235
profile_pictures/rish._.ika24_profile_pic.jpg,12,273,264,0,1.034090909
profile_pictures/whenweclicks_profile_pic.jpg,29,34,128,0,0.265625
profile_pictures/___dimpleee_profile_pic.jpg,37,2030,861,0,2.357723577
profile_pictures/g.u.d.i.20_profile_pic.jpg,0,14,80,0,0.175
profile_pictures/aahana6512_profile_pic.jpg,13,85,186,0,0.4569892473
profile_pictures/ankitaroy8326_profile_pic.jpg,16,1089,125,0,8.712
profile_pictures/piyu_tandel_01_profile_pic.jpg,0,127,94,0,1.35106383
profile_pictures/_nishudon__profile_pic.jpg,42,17,225,0,0.07555555556
profile_pictures/ashish._.meena_7_profile_pic.jpg,23,488,328,0,1.487804878
profile_pictures/imshikhaarora_profile_pic.jpg,130,601,1080,0,0.5564814815
profile_pictures/chapahansi_profile_pic.jpg,41,344,1754,0,0.1961231471
profile_pictures/neesaabasnet_profile_pic.jpg,74,116,559,1,0.2075134168
profile_pictures/mtbisht_profile_pic.jpg,164,306,424,0,0.7216981132
profile_pictures/rinzthapa_profile_pic.jpg,29,23,19,0,1.210526316
profile_pictures/asifa._.akter_profile_pic.jpg,2,137,364,0,0.3763736264
profile_pictures/shikh.a293_profile_pic.jpg,0,12,27,0,0.4444444444
profile_pictures/marzia_8172_profile_pic.jpg,0,982,735,0,1.336054422
profile_pictures/__.sour__candy___profile_pic.jpg,0,90,120,0,0.75
profile_pictures/mein_bhaktii_profile_pic.jpg,32,1319,1936,0,0.6813016529
profile_pictures/larliningtipi09_profile_pic.jpg,238,2327,2345,0,0.9923240938
profile_pictures/_shizen_1__profile_pic.jpg,25,86,191,0,0.4502617801
profile_pictures/junniipxrzz_profile_pic.jpg,0,5,200,1,0.025
profile_pictures/i.jyoti.878_profile_pic.jpg,0,0,34,1,0
profile_pictures/umair_razaak_profile_pic.jpg,0,0,680,1,0
profile_pictures/your_magicshop___profile_pic.jpg,1,36,294,0,0.1224489796
profile_pictures/atashi_mua_profile_pic.jpg,33,91,26,0,3.5
profile_pictures/baeba.715_profile_pic.jpg,11,63,1800,1,0.035
profile_pictures/official.muskan.78_profile_pic.jpg,0,31,449,1,0.06904231626
profile_pictures/justt_kajal11_profile_pic.jpg,11,112,203,0,0.5517241379
profile_pictures/psavlani_1803_profile_pic.jpg,10,495,1289,0,0.3840186191
profile_pictures/kajal_awasthii_profile_pic.jpg,9,124,170,0,0.7294117647
profile_pictures/emwh.iteley_profile_pic.jpg,9,358,1967,0,0.1820030503
profile_pictures/maahi8013_profile_pic.jpg,3,105,15,0,7
profile_pictures/chaannn.14_profile_pic.jpg,2,1229,757,0,1.623513871
profile_pictures/hey.dishuuu_profile_pic.jpg,0,765,3660,1,0.2090163934
profile_pictures/3624harman_profile_pic.jpg,0,8,89,1,0.08988764045
profile_pictures/just_.archive_profile_pic.jpg,0,18,133,0,0.1353383459
profile_pictures/nandhini_selvan__profile_pic.jpg,0,241,753,0,0.3200531208
profile_pictures/lakneet_suyash_profile_pic.jpg,2,16,22,0,0.7272727273
profile_pictures/ekam_kaur002_profile_pic.jpg,0,123,188,0,0.6542553191
profile_pictures/153nidhik_profile_pic.jpg,103,91,1341,1,0.06785980611
profile_pictures/nikitajain_1207_profile_pic.jpg,12,533,536,0,0.9944029851
profile_pictures/piyali313_profile_pic.jpg,113,1154,576,0,2.003472222
profile_pictures/nila__bird_profile_pic.jpg,40,214,64,0,3.34375
profile_pictures/smily_g_i_r_l__profile_pic.jpg,133,249,427,0,0.5831381733
profile_pictures/cutie_pie__090_profile_pic.jpg,1,257,348,0,0.7385057471
profile_pictures/__famah__1112_profile_pic.jpg,0,93,436,0,0.2133027523
profile_pictures/kirtisingh_u_profile_pic.jpg,2,115,269,0,0.4275092937
profile_pictures/kkeffect0622_profile_pic.jpg,28,327,427,0,0.7658079625
profile_pictures/rumaisa_q__profile_pic.jpg,0,0,641,1,0
profile_pictures/mhk_020_profile_pic.jpg,0,67,523,1,0.1281070746
profile_pictures/pakhiii180_profile_pic.jpg,0,7,86,1,0.08139534884
profile_pictures/_mehak.kaurrr__profile_pic.jpg,0,66,121,0,0.5454545455
profile_pictures/justt.nehah_profile_pic.jpg,5,569,1008,0,0.564484127
profile_pictures/soumyyaa_12_profile_pic.jpg,3,448,260,0,1.723076923
profile_pictures/mahisha.mehra_profile_pic.jpg,0,46,152,0,0.3026315789
profile_pictures/_megha_062017_profile_pic.jpg,61,290,1154,1,0.2512998267
profile_pictures/_tanya_koshta_official_10_profile_pic.jpg,8,248,306,0,0.8104575163
profile_pictures/whois.kripsss_profile_pic.jpg,21,1233,883,0,1.396375991
profile_pictures/amansisodiya890_profile_pic.jpg,25,329,1301,0,0.2528823982
profile_pictures/kaintura_ayushi_profile_pic.jpg,9,110,174,0,0.632183908
profile_pictures/im_.amisha.__profile_pic.jpg,14,545,174,0,3.132183908
profile_pictures/lija_saha4_profile_pic.jpg,68,60,544,1,0.1102941176
profile_pictures/poonam_chawla_16_profile_pic.jpg,2,209,249,0,0.8393574297
profile_pictures/_a.i.s.h_ghotra__profile_pic.jpg,25,118,259,0,0.4555984556
profile_pictures/ka.nwar927_profile_pic.jpg,1,35,96,0,0.3645833333
profile_pictures/shubhangi_fashion__profile_pic.jpg,541,1360,558,0,2.437275986
profile_pictures/parchi__shau_profile_pic.jpg,2,6,123,0,0.0487804878
profile_pictures/bhumika_0o0o_profile_pic.jpg,0,1012,287,0,3.526132404
profile_pictures/tanyatanu0205_profile_pic.jpg,31,114,340,0,0.3352941176
profile_pictures/sshivi2022_profile_pic.jpg,0,338,903,0,0.3743078627
profile_pictures/meenagurung65_profile_pic.jpg,8,28,252,0,0.1111111111
profile_pictures/its_pratikriti_sinha_profile_pic.jpg,21,1135,256,0,4.43359375
profile_pictures/litzz____profile_pic.jpg,1,277,1934,1,0.1432264736
profile_pictures/__neyha__20_profile_pic.jpg,78,1213,342,0,3.546783626
profile_pictures/usha.shetty.31392_profile_pic.jpg,29,222,556,0,0.3992805755
profile_pictures/khushiii_232004_profile_pic.jpg,14,150,68,0,2.205882353
profile_pictures/his_sweethearttt_foreverrr_profile_pic.jpg,129,649,1163,0,0.5580395529
profile_pictures/themahitripathi_profile_pic.jpg,47,44,121,0,0.3636363636
profile_pictures/janvi_tandel2613_profile_pic.jpg,46,1793,811,0,2.210850801
profile_pictures/_priii_yaaaaaa_profile_pic.jpg,31,791,969,0,0.8163054696
profile_pictures/___hera_.__profile_pic.jpg,0,1556,1180,0,1.318644068
profile_pictures/mahira_09_2018_profile_pic.jpg,0,17,25,0,0.68
profile_pictures/dimplicitydreams_profile_pic.jpg,283,751,4610,0,0.1629067245
profile_pictures/gurungsakshi_26_profile_pic.jpg,97,785,493,0,1.592292089
profile_pictures/sovii_wairokpam_profile_pic.jpg,8,611,119,0,5.134453782
profile_pictures/papa_ki_sherni_chaitra_profile_pic.jpg,139,438,251,0,1.74501992
profile_pictures/anamsaimkhan.12_profile_pic.jpg,2,88,444,0,0.1981981982
profile_pictures/cookwith_arshi_profile_pic.jpg,10,110,212,0,0.5188679245
profile_pictures/sakshi_yadav1993_profile_pic.jpg,0,85,215,0,0.3953488372
profile_pictures/sunuuuuu_17_profile_pic.jpg,8,592,187,0,3.165775401
profile_pictures/par.veenshk_profile_pic.jpg,0,25,163,0,0.1533742331
profile_pictures/arshhhhian_profile_pic.jpg,223,270,36,0,7.5
profile_pictures/vanshikarajputt45_profile_pic.jpg,20,104,91,0,1.142857143
profile_pictures/ishhi1020_profile_pic.jpg,7,432,165,0,2.618181818
profile_pictures/moni_ka_011_profile_pic.jpg,0,0,126,1,0
profile_pictures/rohit__310310_profile_pic.jpg,17,553,943,0,0.586426299
profile_pictures/official.sahil_916_profile_pic.jpg,0,37,133,0,0.2781954887
profile_pictures/nanditadhara7_profile_pic.jpg,7,119,409,0,0.2909535452
profile_pictures/shoppinglover_1_profile_pic.jpg,0,0,779,1,0
profile_pictures/nafisha4ever_profile_pic.jpg,34,3739,665,0,5.622556391
profile_pictures/vidhi_agarwal_21_profile_pic.jpg,27,363,594,0,0.6111111111
profile_pictures/rash.ij_profile_pic.jpg,20,53,190,0,0.2789473684
profile_pictures/k_wadhvani_profile_pic.jpg,99,84,110,0,0.7636363636
profile_pictures/_.samein._9_profile_pic.jpg,0,35,264,0,0.1325757576
profile_pictures/varsha_kumari45451_profile_pic.jpg,0,2,44,1,0.04545454545
profile_pictures/itz__anam8888_profile_pic.jpg,1,12,220,0,0.05454545455
profile_pictures/mansi_darisa__profile_pic.jpg,0,209,459,0,0.4553376906
profile_pictures/laiba_ans7_profile_pic.jpg,0,110,184,0,0.597826087
profile_pictures/surbhi2834_profile_pic.jpg,183,270,1073,0,0.2516309413
profile_pictures/miss__queen____f_profile_pic.jpg,9,1177,202,0,5.826732673
profile_pictures/arora25prince18_profile_pic.jpg,21,1,58,1,0.01724137931
profile_pictures/rupali_bokade_profile_pic.jpg,45,1017,432,0,2.354166667
profile_pictures/kookie_4505_profile_pic.jpg,0,3,133,1,0.02255639098
profile_pictures/kakighagat_66_profile_pic.jpg,14,78,29,0,2.689655172
profile_pictures/glowup_plan_for_new_year__profile_pic.jpg,11,70,1487,1,0.04707464694
profile_pictures/nini_haa__profile_pic.jpg,67,2201,383,0,5.746736292
profile_pictures/thatglamtripuri_profile_pic.jpg,92,9016,55,0,163.9272727
profile_pictures/sanikapatgonkar142_profile_pic.jpg,69,496,365,0,1.35890411
profile_pictures/palak.batra_profile_pic.jpg,3,310,326,0,0.9509202454
profile_pictures/mr_.vs_profile_pic.jpg,289,609,406,0,1.5
profile_pictures/____naaaz___profile_pic.jpg,57,223,458,0,0.4868995633
profile_pictures/sinkinhim_profile_pic.jpg,19,38,1191,1,0.03190596138
profile_pictures/nitiksha_vats_profile_pic.jpg,299,483,1791,0,0.269681742
profile_pictures/chahat_chavan123_profile_pic.jpg,3,264,117,0,2.256410256
profile_pictures/shalinimittal57_profile_pic.jpg,252,259,2469,0,0.1049007695
profile_pictures/itskk__khushi__keshri_profile_pic.jpg,0,312,386,0,0.8082901554
profile_pictures/its_varshuu06_profile_pic.jpg,62,1778,175,0,10.16
profile_pictures/aakriti_nigam_7070_profile_pic.jpg,195,1033,281,0,3.676156584
profile_pictures/__niki.ta____profile_pic.jpg,20,1486,410,0,3.624390244
profile_pictures/an__ush_ree_profile_pic.jpg,0,172,637,0,0.2700156986
profile_pictures/minyoongle_93__profile_pic.jpg,0,9,190,1,0.04736842105
profile_pictures/bankynimation_profile_pic.jpg,3,8,56,0,0.1428571429
profile_pictures/barbie_touch_naaz_profile_pic.jpg,98,1225,2013,0,0.608544461
profile_pictures/s_kaur5064_profile_pic.jpg,137,4706,308,0,15.27922078
profile_pictures/aastha_kashyap_17_profile_pic.jpg,166,103,162,0,0.6358024691
profile_pictures/leishika__profile_pic.jpg,3,2490,468,0,5.320512821
profile_pictures/_.october_.queen_profile_pic.jpg,74,5028,549,0,9.158469945
profile_pictures/thesassythingvibes_profile_pic.jpg,0,16,27,0,0.5925925926
profile_pictures/_ginni.iiii__profile_pic.jpg,54,1549,460,0,3.367391304
profile_pictures/oyee.roshni_profile_pic.jpg,0,891,516,0,1.726744186
profile_pictures/vedika_1107_profile_pic.jpg,245,1199,3423,0,0.3502775343
profile_pictures/archita7132_profile_pic.jpg,161,73,66,0,1.106060606
profile_pictures/samruddhiiik_profile_pic.jpg,0,249,200,0,1.245
profile_pictures/manisha_dedha23_profile_pic.jpg,181,319,470,0,0.6787234043
profile_pictures/winterrnightt_1827_profile_pic.jpg,4,96,101,0,0.9504950495
profile_pictures/yaaaashhhhhh_profile_pic.jpg,3,644,1814,0,0.355016538
profile_pictures/__sakshiishah_profile_pic.jpg,7,277,533,0,0.5196998124
profile_pictures/_soft_chilli___profile_pic.jpg,0,13,445,0,0.02921348315
profile_pictures/haqeeq.khan_profile_pic.jpg,22,546,260,0,2.1
profile_pictures/m_nirmalpreet_profile_pic.jpg,3,56,1264,1,0.04430379747
profile_pictures/aashka_jain_45_profile_pic.jpg,0,441,414,0,1.065217391
profile_pictures/hnyrajwadi_profile_pic.jpg,286,227,221,0,1.027149321
profile_pictures/chelomitha61_profile_pic.jpg,0,16,285,1,0.05614035088
profile_pictures/smiley12171809_profile_pic.jpg,14,74,214,0,0.3457943925
profile_pictures/_.dhruvi____profile_pic.jpg,6,633,723,0,0.8755186722
profile_pictures/chrysanthemum_________profile_pic.jpg,104,679,381,0,1.782152231
profile_pictures/nehabatra_.__profile_pic.jpg,64,2536,1216,0,2.085526316
profile_pictures/blissful_egima_profile_pic.jpg,0,21,46,0,0.4565217391
profile_pictures/_anniee_2001_profile_pic.jpg,587,33231,249,0,133.4578313
profile_pictures/sha_.khxn_profile_pic.jpg,0,28,129,0,0.2170542636
profile_pictures/isha.saini01_profile_pic.jpg,36,731,517,0,1.413926499
profile_pictures/afreenfr_10_profile_pic.jpg,51,201,68,0,2.955882353
profile_pictures/sarika_ashish_shinde_profile_pic.jpg,103,111,641,0,0.1731669267
profile_pictures/not_yournia_profile_pic.jpg,0,20,149,0,0.1342281879
profile_pictures/_._duba_.__profile_pic.jpg,61,90,132,0,0.6818181818
profile_pictures/minz_shilpii_profile_pic.jpg,223,205,793,0,0.2585119798
profile_pictures/____khushi_handique_____profile_pic.jpg,55,7076,491,0,14.4114053
profile_pictures/isalonirajput7_profile_pic.jpg,76,1132,1234,0,0.9173419773
profile_pictures/ig.__.uv_profile_pic.jpg,0,401,2079,0,0.1928811929
profile_pictures/tejaswijadhav21__profile_pic.jpg,10,82,236,0,0.3474576271
profile_pictures/geeta_j_v_profile_pic.jpg,134,611,1195,1,0.5112970711
profile_pictures/krupa_rane_3014_profile_pic.jpg,30,632,354,0,1.785310734
profile_pictures/sofia_i7__profile_pic.jpg,0,60,478,0,0.1255230126
profile_pictures/priti_sarkar7_profile_pic.jpg,421,5733,584,0,9.816780822
profile_pictures/miss_jiya_321_profile_pic.jpg,10,1335,652,0,2.047546012
profile_pictures/dolledupby_shaynak_profile_pic.jpg,171,10743,7508,0,1.430873735
profile_pictures/shifa_sheikh.92_profile_pic.jpg,66,179,333,0,0.5375375375
profile_pictures/___karishmasingh_profile_pic.jpg,51,1021,1157,0,0.882454624
profile_pictures/aishaaisha1556_profile_pic.jpg,253,95,526,0,0.180608365
profile_pictures/__heyyy__priya___profile_pic.jpg,72,517,392,0,1.318877551
profile_pictures/priscillagoldsman_profile_pic.jpg,379,440,807,0,0.5452292441
profile_pictures/__.nehachauhan.___profile_pic.jpg,208,401,292,0,1.373287671
profile_pictures/khushithathera.65_profile_pic.jpg,32,281,496,0,0.5665322581
profile_pictures/rtomar.___profile_pic.jpg,37,243,331,0,0.7341389728
profile_pictures/pratha._.03_profile_pic.jpg,3,286,431,0,0.6635730858
profile_pictures/the_sight_unseen_profile_pic.jpg,26,145,405,0,0.3580246914
profile_pictures/veda.singh20_profile_pic.jpg,0,5,1050,1,0.004761904762
profile_pictures/_._kanika_._123_profile_pic.jpg,2,47,49,0,0.9591836735
profile_pictures/vaishnavee__tiwari_profile_pic.jpg,14,168,191,0,0.8795811518
profile_pictures/___smily_30_profile_pic.jpg,0,58,354,0,0.1638418079
profile_pictures/dejashwini__profile_pic.jpg,0,434,765,0,0.5673202614
profile_pictures/myrathapa17_profile_pic.jpg,468,1092,1696,0,0.6438679245
profile_pictures/bhoomi_ch_fanpage_profile_pic.jpg,3,45,9,0,5
profile_pictures/simran_khatri981_profile_pic.jpg,0,60,879,1,0.06825938567
profile_pictures/d.ixha_07_profile_pic.jpg,0,233,306,0,0.7614379085
profile_pictures/makeup.artist_afsana_profile_pic.jpg,512,1239,214,0,5.789719626
profile_pictures/__mansi_79_profile_pic.jpg,13,119,239,0,0.4979079498
profile_pictures/sweetlyxy__profile_pic.jpg,0,41,17,0,2.411764706
profile_pictures/anicent.dawn_2003_profile_pic.jpg,56,717,800,0,0.89625
profile_pictures/rehnuma_memon_07_profile_pic.jpg,15,351,210,0,1.671428571
profile_pictures/__hema.patil___profile_pic.jpg,0,563,541,0,1.040665434
profile_pictures/arpsx___profile_pic.jpg,7,81,142,0,0.5704225352
profile_pictures/harshadaaredkar_profile_pic.jpg,10,432,466,0,0.9270386266
profile_pictures/_iqrapervezz_profile_pic.jpg,11,594,839,0,0.7079856973
profile_pictures/barsha.0612_profile_pic.jpg,188,1508,1220,0,1.236065574
profile_pictures/reeta123361_profile_pic.jpg,2,25,1167,1,0.02142245073
profile_pictures/harsha_ruby_profile_pic.jpg,27,165,1222,1,0.1350245499
profile_pictures/themysteriousone_31_profile_pic.jpg,30,136,1999,1,0.06803401701
profile_pictures/apoorva_vishwesh_profile_pic.jpg,118,235,328,0,0.7164634146
profile_pictures/__tanixka_profile_pic.jpg,4,3051,383,0,7.966057441
profile_pictures/_nvm._.ayusha__profile_pic.jpg,5,278,137,0,2.02919708
profile_pictures/apurani16_profile_pic.jpg,63,184,1128,1,0.1631205674
profile_pictures/beauty__0087_profile_pic.jpg,0,10,179,1,0.05586592179
profile_pictures/dipalitrivedi_.__profile_pic.jpg,7,191,1217,1,0.1569433032
profile_pictures/saanvi_shukla100_profile_pic.jpg,0,31,75,0,0.4133333333
profile_pictures/_.varsha_acharya.__profile_pic.jpg,8,934,869,0,1.074798619
profile_pictures/nimo928_profile_pic.jpg,277,523,166,0,3.15060241
profile_pictures/priyanka_borah_george_profile_pic.jpg,262,984,192,0,5.125
profile_pictures/ritiika_rawat_profile_pic.jpg,0,31,206,1,0.1504854369
profile_pictures/nehanavlani19_profile_pic.jpg,7,628,1080,0,0.5814814815
profile_pictures/12anshuman_profile_pic.jpg,0,5,1124,1,0.004448398577
profile_pictures/butif396_profile_pic.jpg,11,528,196,0,2.693877551
profile_pictures/_____shreyaaaaaaaa_____profile_pic.jpg,1,159,309,0,0.5145631068
profile_pictures/pallvi.langeh_27_profile_pic.jpg,9,88,5222,1,0.01685178093
profile_pictures/kanishkaa___21_profile_pic.jpg,3,226,659,0,0.3429438543
profile_pictures/rajnandanisonawane_profile_pic.jpg,0,139,1352,1,0.1028106509
profile_pictures/_ishikarathiii_profile_pic.jpg,25,614,280,0,2.192857143
profile_pictures/j_a_n_vi_sh__02_profile_pic.jpg,66,111,550,0,0.2018181818
profile_pictures/kavya_baghel__12_profile_pic.jpg,106,173,510,0,0.3392156863
profile_pictures/ig.woxy_profile_pic.jpg,0,0,37,1,0
profile_pictures/jabgmadkmpktppektj_profile_pic.jpg,98,549,1001,0,0.5484515485
profile_pictures/mankotia_ne_ha_profile_pic.jpg,42,395,587,0,0.6729131175
profile_pictures/vijaygupta08_profile_pic.jpg,0,691,230,0,3.004347826
profile_pictures/velu__pinto_profile_pic.jpg,0,133,147,0,0.9047619048
profile_pictures/neil_ki_aishu_profile_pic.jpg,0,36,123,0,0.2926829268
profile_pictures/__melody__________profile_pic.jpg,126,2402,194,0,12.3814433
profile_pictures/dvk_42_profile_pic.jpg,167,903,824,0,1.095873786
profile_pictures/aastha_varmaa_profile_pic.jpg,16,283,361,0,0.783933518
profile_pictures/allu_almaz97_profile_pic.jpg,739,2170,828,0,2.620772947
profile_pictures/shrads._09_profile_pic.jpg,1,553,477,0,1.15932914
profile_pictures/anu80579_profile_pic.jpg,0,16,156,0,0.1025641026
profile_pictures/sonali_dadhwal_profile_pic.jpg,11,552,635,0,0.8692913386
profile_pictures/singh_khushi780_profile_pic.jpg,0,78,101,0,0.7722772277
profile_pictures/aimansiddiqui___profile_pic.jpg,363,126,364,0,0.3461538462
profile_pictures/singhvi_suresh__profile_pic.jpg,5,53,829,1,0.06393244873
profile_pictures/ameeta_art_profile_pic.jpg,77,342,755,0,0.4529801325
profile_pictures/vaish_r_21__profile_pic.jpg,76,306,246,0,1.243902439
profile_pictures/shiv_1212_r_profile_pic.jpg,3,0,281,1,0
profile_pictures/im17711_profile_pic.jpg,0,1,26,1,0.03846153846
profile_pictures/manvi_129_profile_pic.jpg,17,311,683,0,0.4553440703
profile_pictures/tipshiiii_profile_pic.jpg,0,16,51,0,0.3137254902
profile_pictures/raidas19976_profile_pic.jpg,16,202,919,0,0.2198041349
profile_pictures/brijesh.kum1977_profile_pic.jpg,1,18,159,0,0.1132075472
profile_pictures/nethmini.chamisha_profile_pic.jpg,0,115,201,0,0.5721393035
profile_pictures/wannii_._01_profile_pic.jpg,10,143,145,0,0.9862068966
profile_pictures/alizaa.1121_profile_pic.jpg,0,653,142,0,4.598591549
profile_pictures/officialpunnu_3005_profile_pic.jpg,127,430,359,0,1.197771588
profile_pictures/anuja_kuwelker_profile_pic.jpg,50,246,3027,1,0.08126858276
profile_pictures/choudhuryvarsha_profile_pic.jpg,88,570,1717,0,0.3319743739
profile_pictures/jasmeet_brar.__profile_pic.jpg,0,60,223,,0.269058296
profile_pictures/shiny_babi__profile_pic.jpg,294,402,70,0,5.742857143
profile_pictures/diksha_brar_2_profile_pic.jpg,0,14,45,0,0.3111111111
profile_pictures/peehu_prajapati_1523_profile_pic.jpg,343,3326,191,0,17.41361257
profile_pictures/harshidabaa_profile_pic.jpg,0,89,950,1,0.09368421053
profile_pictures/pritizzz_10_profile_pic.jpg,288,1220,669,0,1.823617339
profile_pictures/ravleen_gupta23_profile_pic.jpg,0,55,184,0,0.2989130435
profile_pictures/cutipie9652_profile_pic.jpg,42,159,433,0,0.3672055427
profile_pictures/_paa_yaliyaa__profile_pic.jpg,46,845,1073,0,0.7875116496
profile_pictures/born_for_min__profile_pic.jpg,1,2,90,1,0.02222222222
profile_pictures/pp_official_02_profile_pic.jpg,2,42,60,0,0.7
profile_pictures/june_girl2417_profile_pic.jpg,89,146,1063,0,0.1373471308
profile_pictures/sarita_dwivedi_001_profile_pic.jpg,0,12,14,0,0.8571428571
profile_pictures/jainkhushi_071_profile_pic.jpg,52,181,1407,0,0.1286425018
profile_pictures/_sukriti_monga__profile_pic.jpg,28,331,621,0,0.5330112721
profile_pictures/_palak_agrawal___profile_pic.jpg,1,313,417,0,0.7505995204
profile_pictures/himanshichouhan660_profile_pic.jpg,0,50,25,0,2
profile_pictures/_suchi143__profile_pic.jpg,1,103,310,0,0.3322580645
profile_pictures/_kirtirathour_profile_pic.jpg,89,1169,942,0,1.240976645
profile_pictures/mns_tushar_kabdule_profile_pic.jpg,176,483,338,0,1.428994083
profile_pictures/khusboosingh741_profile_pic.jpg,0,479,472,0,1.014830508
profile_pictures/rizaaaa__13_profile_pic.jpg,47,2551,156,0,16.3525641
profile_pictures/mysterious._.muskan_profile_pic.jpg,62,135,7501,1,0.01799760032
profile_pictures/aanu_saini0_profile_pic.jpg,88,113,1060,1,0.1066037736
profile_pictures/sweetvellue__profile_pic.jpg,1,2,123,1,0.0162601626
profile_pictures/ritika_kaushik888_profile_pic.jpg,0,0,4813,1,0
profile_pictures/sim_jhinjer_profile_pic.jpg,105,153,209,0,0.7320574163
profile_pictures/nitin.saxenaa__profile_pic.jpg,164,971,390,0,2.48974359
profile_pictures/shapingnails_profile_pic.jpg,7,12,9,0,1.333333333
profile_pictures/_vian_00_profile_pic.jpg,0,17,605,1,0.02809917355
profile_pictures/_dollykori_profile_pic.jpg,22,54,99,0,0.5454545455
profile_pictures/_unknownnn_20_profile_pic.jpg,0,23,156,0,0.1474358974
profile_pictures/chhav_ichauhan_profile_pic.jpg,5,341,239,0,1.426778243
profile_pictures/_laksh_ana__profile_pic.jpg,17,344,800,0,0.43
profile_pictures/ni_shi6293_profile_pic.jpg,2,183,98,0,1.867346939
profile_pictures/sweetshrija23_profile_pic.jpg,366,1407,193,0,7.29015544
profile_pictures/sayantaniliza9836_profile_pic.jpg,608,1350,7564,0,0.1784769963
profile_pictures/orophile02__profile_pic.jpg,16,1161,1765,0,0.6577903683
profile_pictures/stfusandraa_profile_pic.jpg,0,1272,841,0,1.512485137
profile_pictures/deekshaghoshi.75_profile_pic.jpg,12,708,275,0,2.574545455
profile_pictures/mithi_09__profile_pic.jpg,54,487,374,0,1.302139037
profile_pictures/imlaavinia_profile_pic.jpg,0,30,480,1,0.0625
profile_pictures/miss_dasssss_profile_pic.jpg,171,806,438,0,1.840182648
profile_pictures/gayathree_mohan_profile_pic.jpg,12,293,7336,1,0.03994002181
profile_pictures/mansibajpai92_profile_pic.jpg,59,917,2107,0,0.4352159468
profile_pictures/shefali972_profile_pic.jpg,0,388,2369,1,0.1637821866
profile_pictures/ishika5557_profile_pic.jpg,1,5,67,0,0.07462686567
profile_pictures/sudha.yadav5_profile_pic.jpg,5,26,49,0,0.5306122449
profile_pictures/munmi__rajkhowa_profile_pic.jpg,35,2147,247,0,8.692307692
profile_pictures/na.gu5647_profile_pic.jpg,0,1,1540,1,0.0006493506494
profile_pictures/trishuuu4___profile_pic.jpg,3,107,368,0,0.2907608696
profile_pictures/sarya.013_profile_pic.jpg,0,0,4,1,0
profile_pictures/shruti_paul140220_profile_pic.jpg,187,2067,208,0,9.9375
profile_pictures/ahanadatta27_profile_pic.jpg,395,1067,3781,0,0.2822004761
profile_pictures/yashiyadav727_profile_pic.jpg,0,2,24,1,0.08333333333
profile_pictures/_queen_neha_officaial_profile_pic.jpg,38,100,168,0,0.5952380952
profile_pictures/riy.uuu41_profile_pic.jpg,0,1,151,1,0.006622516556
profile_pictures/sarita_tudu12_profile_pic.jpg,7,214,149,0,1.436241611
profile_pictures/thewalking_dead1923_profile_pic.jpg,0,40,1343,1,0.02978406552
profile_pictures/sonali_thakre__profile_pic.jpg,38,559,557,0,1.003590664
profile_pictures/olivia___477_profile_pic.jpg,0,10,326,1,0.03067484663
profile_pictures/wadhwani__sejal_profile_pic.jpg,0,181,631,0,0.2868462758
profile_pictures/sneha_dey_12345_profile_pic.jpg,80,0,89,1,0
profile_pictures/me_saumyaa01_profile_pic.jpg,0,228,151,0,1.509933775
profile_pictures/hvzel_bell.__profile_pic.jpg,6,114,317,0,0.3596214511
profile_pictures/ankita_yogi_77_profile_pic.jpg,0,6,19,0,0.3157894737
profile_pictures/___parmar____06_profile_pic.jpg,0,40,829,1,0.0482509047
profile_pictures/aarohisharmaa_3_profile_pic.jpg,306,2703,198,0,13.65151515
profile_pictures/the_shalini_cooks_profile_pic.jpg,203,383,1135,0,0.3374449339
profile_pictures/renu67421_profile_pic.jpg,22,61,68,0,0.8970588235
profile_pictures/simranchoudhury08_profile_pic.jpg,47,1318,211,0,6.246445498
profile_pictures/silshila_db_profile_pic.jpg,9,102,754,0,0.1352785146
profile_pictures/__anita__008_profile_pic.jpg,673,164,452,0,0.3628318584
profile_pictures/__snehagogoi_profile_pic.jpg,6,3775,273,0,13.82783883
profile_pictures/thela8785_profile_pic.jpg,0,60,1300,1,0.04615384615
profile_pictures/bulbul.chaudhary001_profile_pic.jpg,98,1409,181,0,7.784530387
profile_pictures/hcddjc75_profile_pic.jpg,3,75,133,0,0.5639097744
profile_pictures/santoshii_ydvvv_profile_pic.jpg,0,592,349,0,1.696275072
profile_pictures/_.vishnuprxyx.__profile_pic.jpg,0,64,121,0,0.5289256198
profile_pictures/raji_jogan_profile_pic.jpg,0,7,2441,1,0.002867677181
profile_pictures/aradhya.ydv1_profile_pic.jpg,0,40,166,0,0.2409638554
profile_pictures/priya_dars_profile_pic.jpg,0,81,1543,1,0.05249513934
profile_pictures/miamornamrm_profile_pic.jpg,0,0,77,1,0
profile_pictures/s.a.n.i.y.a.j.a.i.s.w.a.l_profile_pic.jpg,0,112,760,0,0.1473684211
profile_pictures/amora_pix_profile_pic.jpg,5,16,1289,1,0.01241272304
profile_pictures/shraddhaa48_profile_pic.jpg,280,910,580,0,1.568965517
profile_pictures/itz_honey_23__profile_pic.jpg,12,961,441,0,2.179138322
profile_pictures/priyotabej_profile_pic.jpg,3,66,21,0,3.142857143
profile_pictures/patelvaibhavi_.20_profile_pic.jpg,34,87,232,0,0.375
profile_pictures/laavi_ie_profile_pic.jpg,0,32,765,1,0.04183006536
profile_pictures/ja.smeet905_profile_pic.jpg,99,152,337,0,0.4510385757
profile_pictures/nikitasontakke29_profile_pic.jpg,77,994,1046,0,0.9502868069
profile_pictures/__._vanshikaa__profile_pic.jpg,0,217,435,0,0.4988505747
profile_pictures/monarawat_54_profile_pic.jpg,0,66,131,0,0.5038167939
profile_pictures/diya__nebhnani__16_profile_pic.jpg,2,328,420,0,0.780952381
profile_pictures/babygirll__10_profile_pic.jpg,13,139,27,0,5.148148148
profile_pictures/browngirls_fashion_profile_pic.jpg,0,7,17,0,0.4117647059
profile_pictures/sassychic375_profile_pic.jpg,0,44,222,0,0.1981981982
profile_pictures/its_me_vaishuuu_1_profile_pic.jpg,0,0,143,0,0
profile_pictures/_sushmita_more_profile_pic.jpg,11,327,3048,1,0.1072834646
profile_pictures/nancy_aggarwal234_profile_pic.jpg,19,375,386,0,0.9715025907
profile_pictures/riroru.15_profile_pic.jpg,0,216,160,0,1.35
profile_pictures/garg.23685_profile_pic.jpg,0,1,24,1,0.04166666667
profile_pictures/aashu5680___profile_pic.jpg,0,30,136,1,0.2205882353
profile_pictures/jyoti_kandari_bisht_profile_pic.jpg,537,1433,1918,0,0.7471324296
profile_pictures/rumisarkarr_profile_pic.jpg,96,4962,239,0,20.76150628
profile_pictures/rishika2612_profile_pic.jpg,145,376,316,0,1.189873418
profile_pictures/beatrices.1_profile_pic.jpg,13,1675,463,0,3.617710583
profile_pictures/paya.lpanchal84_profile_pic.jpg,5,98,100,0,0.98
profile_pictures/daydreaming4321_profile_pic.jpg,111,0,1760,1,0
profile_pictures/ashmita____gilhare_profile_pic.jpg,11,764,371,0,2.059299191
profile_pictures/hemarumal_profile_pic.jpg,0,25,92,0,0.2717391304
profile_pictures/scrallett___senora_profile_pic.jpg,16,64,299,0,0.2140468227
profile_pictures/rupaliii___profile_pic.jpg,126,290,893,0,0.3247480403
profile_pictures/_sa_n__dra__profile_pic.jpg,4,244,462,0,0.5281385281
profile_pictures/urvie.___profile_pic.jpg,9,3140,480,0,6.541666667
profile_pictures/vanshika_singh984_profile_pic.jpg,0,79,150,0,0.5266666667
profile_pictures/luv_mimi_queen43_profile_pic.jpg,58,76,1223,1,0.0621422731
profile_pictures/itz_sonal_1209_profile_pic.jpg,16,460,449,0,1.024498886
profile_pictures/the_na_ru_profile_pic.jpg,98,375,1208,0,0.3104304636
profile_pictures/avik_a574_profile_pic.jpg,3,34,75,0,0.4533333333
profile_pictures/neha__kamal___profile_pic.jpg,92,1169,740,0,1.57972973
profile_pictures/_sonikhushbu_profile_pic.jpg,8,99,159,0,0.6226415094
profile_pictures/na________miyyy_profile_pic.jpg,0,958,4677,1,0.2048321574
profile_pictures/amisha_thakur_08_profile_pic.jpg,0,1593,158,0,10.08227848
profile_pictures/wondering202_profile_pic.jpg,0,0,16,1,0
profile_pictures/its_sam_joseph4_profile_pic.jpg,2,156,7079,1,0.02203701088
profile_pictures/twink_le9605_profile_pic.jpg,0,0,38,1,0
profile_pictures/namrata_jais_431_profile_pic.jpg,1,8,1576,1,0.005076142132
profile_pictures/ankitamandal630_profile_pic.jpg,2,146,284,0,0.514084507
profile_pictures/maakars67_profile_pic.jpg,0,22,7498,1,0.002934115764
profile_pictures/__chinnuuz____profile_pic.jpg,180,5163,1033,0,4.998063892
profile_pictures/rahul14avm_profile_pic.jpg,0,1,3744,1,0.0002670940171
profile_pictures/_.shrutix__profile_pic.jpg,6,418,513,0,0.8148148148
profile_pictures/smore__16_profile_pic.jpg,7,150,173,0,0.8670520231
profile_pictures/asthetics_clicks.09_profile_pic.jpg,37,791,451,0,1.753880266
profile_pictures/ayushi_brahman001_profile_pic.jpg,52,168,78,0,2.153846154
profile_pictures/__sudhaa_______profile_pic.jpg,7,2,262,0,0.007633587786
profile_pictures/iamsinchu_09_profile_pic.jpg,3,95,2328,1,0.04080756014
profile_pictures/_aarti__pal__profile_pic.jpg,113,460,426,0,1.079812207
profile_pictures/ritika.h___profile_pic.jpg,1,235,1697,1,0.13847967
profile_pictures/every.mile.with.a.smile_profile_pic.jpg,219,1361,1234,0,1.102917342
profile_pictures/gh.1111111_profile_pic.jpg,53,455,2037,1,0.2233676976
profile_pictures/thehappiestgirll__profile_pic.jpg,31,1226,751,0,1.632490013
profile_pictures/_prachi_bisht1717_profile_pic.jpg,0,6,119,1,0.05042016807
profile_pictures/ryndzz22_profile_pic.jpg,0,82,669,1,0.1225710015
profile_pictures/priyankadutta723_profile_pic.jpg,128,631,1273,0,0.4956794973
profile_pictures/itz_.sanaya_.sharma_profile_pic.jpg,0,1,557,1,0.001795332136
profile_pictures/itachi_siz_profile_pic.jpg,1,2,102,1,0.01960784314
profile_pictures/aayu.shi_4556_profile_pic.jpg,7,30,1288,1,0.02329192547
profile_pictures/smitiacharya_profile_pic.jpg,0,8,183,1,0.04371584699
profile_pictures/sarikakharvi2210_profile_pic.jpg,16,13,548,1,0.02372262774
profile_pictures/ish_a541_profile_pic.jpg,312,2765,305,0,9.06557377
profile_pictures/__.ocyeanic_______profile_pic.jpg,1,2,48,0,0.04166666667
profile_pictures/shihu913_profile_pic.jpg,0,2,31,0,0.06451612903
profile_pictures/bub_blue.__profile_pic.jpg,13,28,2856,1,0.009803921569
profile_pictures/_rumi__09_profile_pic.jpg,372,11304,160,0,70.65
profile_pictures/rash_ichetwani135_profile_pic.jpg,3,1157,1037,0,1.115718419
profile_pictures/_tnjn27_profile_pic.jpg,0,109,182,0,0.5989010989
profile_pictures/anu_rai_76323_profile_pic.jpg,15,1041,122,0,8.532786885
profile_pictures/bhumibalchandani__profile_pic.jpg,0,686,616,0,1.113636364
profile_pictures/im.dimple04_profile_pic.jpg,0,4,89,0,0.04494382022
profile_pictures/poojanegii__profile_pic.jpg,12,982,207,0,4.743961353
profile_pictures/hirumani___das_profile_pic.jpg,116,1800,837,0,2.150537634
profile_pictures/bhosale_3303_profile_pic.jpg,0,20,2232,1,0.008960573477
profile_pictures/jaavilll_profile_pic.jpg,11,133,881,0,0.1509648127
profile_pictures/myself_shrutiii_profile_pic.jpg,0,98,157,0,0.6242038217
profile_pictures/ahirandeenanath_profile_pic.jpg,79,197,291,0,0.676975945
profile_pictures/_singh.ananya_3_profile_pic.jpg,0,3,121,1,0.02479338843
profile_pictures/ishaa_sardana_profile_pic.jpg,21,309,251,0,1.231075697
profile_pictures/kriti3103_profile_pic.jpg,33,963,2092,0,0.4603250478
profile_pictures/anaya_56_7_profile_pic.jpg,438,2,281,1,0.007117437722
profile_pictures/flamingo__2110_profile_pic.jpg,57,221,397,0,0.556675063
profile_pictures/sreepriya_.s_profile_pic.jpg,0,469,431,0,1.088167053
profile_pictures/riyamalik0_profile_pic.jpg,92,1934,666,0,2.903903904
profile_pictures/candal_crafts_women_profile_pic.jpg,15,86,359,0,0.2395543175
profile_pictures/_piuu_1313_profile_pic.jpg,0,2,117,0,0.01709401709
profile_pictures/muskaanrimjha_profile_pic.jpg,17,1639,207,0,7.917874396
profile_pictures/pvvttt____07_profile_pic.jpg,0,349,483,0,0.7225672878
profile_pictures/jaanannii_profile_pic.jpg,0,532,511,0,1.04109589
profile_pictures/rrrasshii_profile_pic.jpg,0,61,7382,1,0.008263343267
profile_pictures/enoughh__00_profile_pic.jpg,0,7,84,0,0.08333333333
profile_pictures/rajashreeboruahh_profile_pic.jpg,2,408,287,0,1.421602787
profile_pictures/_aru_upmanya__profile_pic.jpg,24,404,475,0,0.8505263158
profile_pictures/duhh.itzz.pihu_profile_pic.jpg,66,47,285,0,0.1649122807
profile_pictures/_pvt_.rajput_profile_pic.jpg,0,19,31,0,0.6129032258
profile_pictures/bansalriddhima.__profile_pic.jpg,3,74,71,0,1.042253521
profile_pictures/kavya_.109_profile_pic.jpg,27,138,1276,1,0.1081504702
profile_pictures/arushie_09_profile_pic.jpg,0,47,97,0,0.4845360825
profile_pictures/wtff_pooja_profile_pic.jpg,0,142,46,0,3.086956522
profile_pictures/aayushi._97_profile_pic.jpg,4,533,162,0,3.290123457
profile_pictures/samriddhiks_profile_pic.jpg,0,344,3006,1,0.1144377911
profile_pictures/vani_kri_09_profile_pic.jpg,0,159,101,0,1.574257426
profile_pictures/axpit_xz_profile_pic.jpg,3,103,67,0,1.537313433
profile_pictures/threeidiots529_profile_pic.jpg,0,27,511,0,0.05283757339
profile_pictures/shit__ra_profile_pic.jpg,54,60,229,0,0.2620087336
profile_pictures/_sha3kha_profile_pic.jpg,0,77,236,0,0.3262711864
profile_pictures/ishn_annamalai_profile_pic.jpg,33,439,952,0,0.4611344538
profile_pictures/zainabb_mlyk_profile_pic.jpg,0,50,55,0,0.9090909091
profile_pictures/silenteyes061419_profile_pic.jpg,0,172,735,0,0.2340136054
profile_pictures/aryx1.n_profile_pic.jpg,0,21,971,0,0.02162718847
profile_pictures/_only_yourssx__profile_pic.jpg,4,35,39,0,0.8974358974
profile_pictures/_d_h_a_n_y_aa___profile_pic.jpg,1,436,1975,1,0.2207594937
profile_pictures/sp.pvtt___profile_pic.jpg,0,140,367,0,0.3814713896
profile_pictures/ruhi_hazra_1009_profile_pic.jpg,0,26,110,0,0.2363636364
profile_pictures/pakeeza.siddqui_profile_pic.jpg,0,251,1957,1,0.128257537
profile_pictures/rishimasharma123_profile_pic.jpg,66,215,708,0,0.3036723164
profile_pictures/vaishnavi_shetty39_profile_pic.jpg,0,92,199,0,0.4623115578
profile_pictures/hoodaapara_profile_pic.jpg,0,463,1222,1,0.3788870704
profile_pictures/sarapatel.1309_profile_pic.jpg,2,287,787,0,0.3646759848
profile_pictures/zainab.sohaib_profile_pic.jpg,30,228,638,0,0.3573667712
profile_pictures/ohthatsshe_profile_pic.jpg,0,54,318,0,0.1698113208
profile_pictures/naabi_rizwan_profile_pic.jpg,0,297,960,0,0.309375
profile_pictures/stella.bl.am_profile_pic.jpg,0,315,320,0,0.984375
profile_pictures/anvisha_it.is_profile_pic.jpg,1,403,663,0,0.6078431373
profile_pictures/varnikagarg1613_profile_pic.jpg,1,306,1800,1,0.17
profile_pictures/your_lil.vamp_profile_pic.jpg,0,106,275,0,0.3854545455
profile_pictures/vanshiika.shah_profile_pic.jpg,0,177,624,0,0.2836538462
profile_pictures/yeshwanthi_08_profile_pic.jpg,6,213,148,0,1.439189189
profile_pictures/_.sweetyyy._13_profile_pic.jpg,1,122,170,0,0.7176470588
profile_pictures/vais_hu0322_profile_pic.jpg,18,199,355,0,0.5605633803
profile_pictures/kanishka.2325_profile_pic.jpg,0,94,334,0,0.2814371257
profile_pictures/priv.sanchaliii_profile_pic.jpg,0,45,52,0,0.8653846154
profile_pictures/rishikashrestha56_profile_pic.jpg,10,410,613,0,0.6688417618
profile_pictures/fr.rosyyyyy_profile_pic.jpg,0,93,261,0,0.3563218391
profile_pictures/srivastvaa_a_profile_pic.jpg,3,491,220,0,2.231818182
profile_pictures/my_name_is_sree_profile_pic.jpg,3,378,577,0,0.6551126516
profile_pictures/_.sanjana_57_profile_pic.jpg,0,285,271,0,1.051660517
profile_pictures/pri_05.21_profile_pic.jpg,0,0,26,0,0
profile_pictures/honey___068_profile_pic.jpg,0,610,47,0,12.9787234
profile_pictures/ishasawant44_profile_pic.jpg,136,828,724,0,1.143646409
profile_pictures/han_ahmz_profile_pic.jpg,0,13,48,0,0.2708333333
profile_pictures/the_12thmonth_profile_pic.jpg,0,35,532,1,0.06578947368
profile_pictures/rosegupta1226_profile_pic.jpg,0,136,94,0,1.446808511
profile_pictures/sabreennnn.__profile_pic.jpg,0,1243,576,0,2.157986111
profile_pictures/akshu_8470__profile_pic.jpg,8,945,270,0,3.5
profile_pictures/gunika_singh18_profile_pic.jpg,14,69,121,0,0.5702479339
profile_pictures/mahek.___.mondal_profile_pic.jpg,0,77,84,0,0.9166666667
profile_pictures/swanandi_3009_profile_pic.jpg,2,162,166,0,0.9759036145
profile_pictures/janhvisinha15_profile_pic.jpg,0,102,119,0,0.8571428571
profile_pictures/dia._.tandel_profile_pic.jpg,0,264,298,0,0.8859060403
profile_pictures/yashikkaa09_profile_pic.jpg,0,210,228,0,0.9210526316
profile_pictures/_simplymadhuu__profile_pic.jpg,10,701,681,0,1.029368576
profile_pictures/dishha.patil_profile_pic.jpg,1,79,77,0,1.025974026
profile_pictures/_jayasri.bala__profile_pic.jpg,4,247,450,0,0.5488888889
profile_pictures/_.itachi___profile_pic.jpg,0,234,249,0,0.9397590361
profile_pictures/aasthaa_thaker_profile_pic.jpg,0,139,178,0,0.7808988764
profile_pictures/_yagnya.ya__profile_pic.jpg,5,181,328,0,0.5518292683
profile_pictures/suhaniiii.pvtttt_profile_pic.jpg,4,29,68,0,0.4264705882
profile_pictures/barisha_sangvi_profile_pic.jpg,0,191,195,0,0.9794871795
profile_pictures/aditya.hth_profile_pic.jpg,0,240,306,0,0.7843137255
profile_pictures/turan.hazarika_profile_pic.jpg,12,1674,823,0,2.034021871
profile_pictures/nethra_prithviraj_profile_pic.jpg,2,27,39,0,0.6923076923
profile_pictures/myno.90_profile_pic.jpg,0,4,11,0,0.3636363636
profile_pictures/_shraddha_2101_profile_pic.jpg,0,238,639,0,0.372456964
profile_pictures/vidhi.kasana_profile_pic.jpg,0,127,212,0,0.5990566038
profile_pictures/fr.tanishkaaa_profile_pic.jpg,0,212,369,0,0.5745257453
profile_pictures/goodu_girl_kani_profile_pic.jpg,1,138,96,0,1.4375
profile_pictures/rishviheree_profile_pic.jpg,12,207,234,0,0.8846153846
profile_pictures/hey_this_is_ananya_profile_pic.jpg,0,207,325,0,0.6369230769
profile_pictures/_.aishvarya_profile_pic.jpg,28,258,316,0,0.8164556962
profile_pictures/pty.dishax_profile_pic.jpg,0,43,20,0,2.15
profile_pictures/maithili_0021_profile_pic.jpg,1,667,518,0,1.287644788
profile_pictures/beauty____babeee_profile_pic.jpg,42,592,103,0,5.747572816
profile_pictures/shruti_salunke07_profile_pic.jpg,6,122,203,0,0.6009852217
profile_pictures/asmita.lamsal55_profile_pic.jpg,6,198,127,0,1.559055118
profile_pictures/armygirl7624_profile_pic.jpg,0,166,440,0,0.3772727273
profile_pictures/_offx_rumaisha_profile_pic.jpg,1,137,31,0,4.419354839
profile_pictures/ig_vanshii__profile_pic.jpg,4,137,172,0,0.7965116279
profile_pictures/popybee__profile_pic.jpg,13,269,1011,0,0.2660731949
profile_pictures/aashiiyadavvv_profile_pic.jpg,0,130,132,0,0.9848484848
profile_pictures/_naina_x.o_profile_pic.jpg,0,68,455,0,0.1494505495
profile_pictures/_sofia_.the_.first_profile_pic.jpg,22,273,555,0,0.4918918919
profile_pictures/pratishtha_6358_profile_pic.jpg,2,419,768,0,0.5455729167
profile_pictures/aashuu1202_profile_pic.jpg,0,33,16,0,2.0625
profile_pictures/akshita_edith.d_profile_pic.jpg,21,421,526,0,0.8003802281
profile_pictures/satjot_16_profile_pic.jpg,0,391,399,0,0.9799498747
profile_pictures/plabiii___saikia_profile_pic.jpg,46,569,408,0,1.394607843
profile_pictures/leisha._07_profile_pic.jpg,5,949,260,0,3.65
profile_pictures/charu.1847_profile_pic.jpg,89,206,395,0,0.5215189873
profile_pictures/__yuvikasharma_profile_pic.jpg,2,76,93,0,0.8172043011
profile_pictures/charu703_profile_pic.jpg,0,246,2136,1,0.1151685393
profile_pictures/aisharwt_17_profile_pic.jpg,70,152,192,0,0.7916666667
profile_pictures/madhvi072023_profile_pic.jpg,0,168,176,0,0.9545454545
profile_pictures/iyk.yuktaaa_profile_pic.jpg,0,220,223,0,0.9865470852
profile_pictures/khushbumathur0202_profile_pic.jpg,0,49,57,0,0.8596491228
profile_pictures/irenic_asf__profile_pic.jpg,0,254,278,0,0.9136690647
profile_pictures/nature_ghuman__profile_pic.jpg,0,104,155,0,0.6709677419
profile_pictures/_manaaassvviii_profile_pic.jpg,0,518,500,0,1.036
profile_pictures/chitrakshi_sodhi__profile_pic.jpg,0,141,116,0,1.215517241
profile_pictures/maryam_malik416_profile_pic.jpg,11,120,1094,1,0.1096892139
profile_pictures/sad_litchi_profile_pic.jpg,0,205,266,0,0.7706766917
profile_pictures/vaibhavi_2111_profile_pic.jpg,3,115,192,0,0.5989583333
profile_pictures/_its_anshika_ahluwalia_profile_pic.jpg,35,917,847,0,1.082644628
profile_pictures/e._pari_77_profile_pic.jpg,1,32,46,0,0.6956521739
profile_pictures/nysaax12_profile_pic.jpg,0,338,514,0,0.6575875486
profile_pictures/manshaa_panda_profile_pic.jpg,11,456,436,0,1.04587156
profile_pictures/khushbxu_profile_pic.jpg,83,49,250,0,0.196
profile_pictures/aish_8075_profile_pic.jpg,2,239,81,0,2.950617284
profile_pictures/harshvardhankh__profile_pic.jpg,3,326,497,0,0.6559356137
profile_pictures/ttanishhaa.___profile_pic.jpg,0,339,536,0,0.6324626866
profile_pictures/disha_makani_930_profile_pic.jpg,16,266,371,0,0.7169811321
profile_pictures/taeverse______profile_pic.jpg,0,170,744,1,0.2284946237
profile_pictures/divyadhapola__profile_pic.jpg,2,80,96,0,0.8333333333
profile_pictures/avipsa_15_profile_pic.jpg,73,1669,1626,0,1.026445264
profile_pictures/vrinshika_reddy__profile_pic.jpg,0,79,475,0,0.1663157895
profile_pictures/vibhuti8635_profile_pic.jpg,0,97,311,,0.3118971061
profile_pictures/suhana.s.pandey_profile_pic.jpg,0,304,369,0,0.8238482385
profile_pictures/pvttt_1213_profile_pic.jpg,2,106,96,0,1.104166667
profile_pictures/poojaprasad_sr__profile_pic.jpg,46,807,730,0,1.105479452
profile_pictures/uruu_18_profile_pic.jpg,4,179,265,0,0.6754716981
profile_pictures/kiaarraaaaaaaa_profile_pic.jpg,0,32,103,0,0.3106796117
profile_pictures/vibewith._kritu_profile_pic.jpg,10,801,647,0,1.238021638
profile_pictures/melina_l___gurung_profile_pic.jpg,6,61,120,0,0.5083333333
profile_pictures/apoorvakashyap31_profile_pic.jpg,0,38,97,0,0.3917525773
profile_pictures/aaradhya.ownsmyheart_profile_pic.jpg,0,305,334,0,0.9131736527
profile_pictures/idk.nikhil__profile_pic.jpg,33,859,659,0,1.303490137
profile_pictures/emantariq928_profile_pic.jpg,1,31,209,0,0.1483253589
profile_pictures/_adxti.4u_profile_pic.jpg,0,221,263,0,0.8403041825
profile_pictures/ayushgupta_2002_profile_pic.jpg,2,224,256,0,0.875
profile_pictures/chotibadmos_profile_pic.jpg,251,35,3283,1,0.01066098081
profile_pictures/_pari_sh_ma__profile_pic.jpg,1,367,300,0,1.223333333
profile_pictures/moreofannanya_profile_pic.jpg,341,47,516,0,0.09108527132
profile_pictures/just.kratikaa___profile_pic.jpg,3,203,320,0,0.634375
profile_pictures/arushilly_profile_pic.jpg,0,95,126,0,0.753968254
profile_pictures/kr1shnn.aa_profile_pic.jpg,1,353,315,0,1.120634921
profile_pictures/adk_pratikshya_profile_pic.jpg,0,115,82,0,1.402439024
profile_pictures/avni_agrawal2008_profile_pic.jpg,0,28,279,0,0.1003584229
profile_pictures/meowshoooo_profile_pic.jpg,24,37,681,0,0.0543318649
profile_pictures/shomoitaaa_profile_pic.jpg,4,249,849,0,0.2932862191
profile_pictures/supreyachhetri__profile_pic.jpg,10,706,378,0,1.867724868
profile_pictures/ayeshass.spamm_profile_pic.jpg,0,15,23,0,0.652173913
profile_pictures/alankar_house_39_profile_pic.jpg,51,23,158,0,0.1455696203
profile_pictures/lxv_blue_profile_pic.jpg,0,13,18,0,0.7222222222
profile_pictures/manshvirawat_profile_pic.jpg,11,417,419,0,0.9952267303
profile_pictures/kasvi_mehndiratta28_profile_pic.jpg,0,421,542,0,0.7767527675
profile_pictures/allabout.jaksa_profile_pic.jpg,0,367,187,0,1.962566845
profile_pictures/ft.manyaaaaaa_profile_pic.jpg,12,514,300,0,1.713333333
profile_pictures/about_ankita04_profile_pic.jpg,0,324,2492,1,0.1300160514
profile_pictures/vedasri_alluri_profile_pic.jpg,0,238,316,0,0.753164557
profile_pictures/lipglossstainsxoxo_profile_pic.jpg,4,32,34,0,0.9411764706
profile_pictures/saak.draftss_profile_pic.jpg,0,2,3,1,0.6666666667
profile_pictures/patel_d_0777_profile_pic.jpg,4,167,539,0,0.3098330241
profile_pictures/its_kashishchhadva_profile_pic.jpg,0,306,375,0,0.816
profile_pictures/umra_naim__profile_pic.jpg,0,769,575,0,1.337391304
profile_pictures/janviagarwal460_profile_pic.jpg,5,197,697,0,0.2826398852
profile_pictures/__aashi03__profile_pic.jpg,6,74,155,0,0.4774193548
profile_pictures/rohinigatate_profile_pic.jpg,36,140,259,0,0.5405405405
profile_pictures/srijita___chatterjee_profile_pic.jpg,97,1824,1275,0,1.430588235
profile_pictures/nannithedumbhead_profile_pic.jpg,41,28,29,0,0.9655172414
profile_pictures/anushri_1114_profile_pic.jpg,4,205,116,0,1.767241379
profile_pictures/_priti_kaur_profile_pic.jpg,1,325,229,0,1.419213974
profile_pictures/_jahanvi__verma__profile_pic.jpg,3,198,294,0,0.6734693878
profile_pictures/angelic.p3arl_profile_pic.jpg,0,310,590,0,0.5254237288
profile_pictures/i.dontknowanymoree__profile_pic.jpg,0,0,186,1,0
profile_pictures/usmanghani6079_profile_pic.jpg,0,3,272,1,0.01102941176
profile_pictures/sam__benny___profile_pic.jpg,6,556,717,0,0.7754532775
profile_pictures/you_knxw_it_profile_pic.jpg,0,1,23,1,0.04347826087
profile_pictures/laxmiiiwhoo_profile_pic.jpg,0,44,44,0,1
profile_pictures/_phobicczz__profile_pic.jpg,1,572,564,0,1.014184397
profile_pictures/shraddha._.vyavahare_profile_pic.jpg,0,198,180,0,1.1
profile_pictures/girlyyy894_profile_pic.jpg,1,50,57,0,0.8771929825
profile_pictures/xfdrjn_profile_pic.jpg,0,49,228,1,0.2149122807
profile_pictures/28_.sanjana.__profile_pic.jpg,14,312,179,0,1.74301676
profile_pictures/zulekha1903__profile_pic.jpg,4,65,68,0,0.9558823529
profile_pictures/cha.eunwooaroha_profile_pic.jpg,184,2042,323,0,6.321981424
profile_pictures/justt_payal16_profile_pic.jpg,4,206,124,0,1.661290323
profile_pictures/imminha_11_profile_pic.jpg,0,85,94,0,0.9042553191
profile_pictures/prerana__n_04_profile_pic.jpg,16,304,411,0,0.7396593674
profile_pictures/shraddhaaa.76_profile_pic.jpg,0,113,118,0,0.9576271186
profile_pictures/p1stachio.pie_profile_pic.jpg,1,13,356,1,0.03651685393
profile_pictures/whooisrii_profile_pic.jpg,31,292,296,0,0.9864864865
profile_pictures/_hurera_786_profile_pic.jpg,1,134,270,0,0.4962962963
profile_pictures/deepachauhan195_profile_pic.jpg,23,110,262,0,0.4198473282
profile_pictures/muskankhan.fr_profile_pic.jpg,8,363,418,0,0.8684210526
profile_pictures/btw_itssss_me_profile_pic.jpg,8,30,95,0,0.3157894737
profile_pictures/_xiabluey__profile_pic.jpg,0,123,207,0,0.5942028986
profile_pictures/_.itz_nackro_offl.__profile_pic.jpg,0,66,50,0,1.32
profile_pictures/kashishtalreja___profile_pic.jpg,14,372,429,0,0.8671328671
profile_pictures/not_me_swasti_28_profile_pic.jpg,0,23,53,0,0.4339622642
profile_pictures/aastha_powari_profile_pic.jpg,0,78,78,0,1
profile_pictures/iam_lob_in7_profile_pic.jpg,26,118,204,0,0.5784313725
profile_pictures/ta.nviii__profile_pic.jpg,0,87,110,0,0.7909090909
profile_pictures/_wilson.selena__profile_pic.jpg,0,133,229,0,0.5807860262
profile_pictures/saxena_vaibhavi02_profile_pic.jpg,0,83,207,0,0.4009661836
profile_pictures/its_ritikatrivedi1207_profile_pic.jpg,0,135,146,0,0.9246575342
profile_pictures/wtf.iffa_profile_pic.jpg,0,99,404,0,0.245049505
profile_pictures/wishmaster___28_profile_pic.jpg,0,4,12,0,0.3333333333
profile_pictures/bhumikajangam_profile_pic.jpg,32,466,447,0,1.042505593
profile_pictures/its.justt_tyagi09_profile_pic.jpg,1,105,145,0,0.724137931
profile_pictures/catiexd_profile_pic.jpg,0,123,690,0,0.1782608696
profile_pictures/sravani.0707_profile_pic.jpg,1,142,479,0,0.2964509395
profile_pictures/nethra_nethra27_profile_pic.jpg,0,203,701,0,0.2895863053
profile_pictures/yuksss_.x_profile_pic.jpg,0,624,831,0,0.7509025271
profile_pictures/_cuddlebear_1233_profile_pic.jpg,48,563,265,0,2.124528302
profile_pictures/_deepiiika_a_profile_pic.jpg,0,103,131,0,0.786259542
profile_pictures/misspam_1_profile_pic.jpg,0,23,116,0,0.1982758621
profile_pictures/eenieeee_minieeee_profile_pic.jpg,0,39,350,0,0.1114285714
profile_pictures/xoo.yyaa_profile_pic.jpg,2,136,279,0,0.4874551971
profile_pictures/k___kaur__pvt_profile_pic.jpg,2,72,59,0,1.220338983
profile_pictures/princess___sweetyy_profile_pic.jpg,0,41,29,0,1.413793103
profile_pictures/_._lovememore___profile_pic.jpg,0,89,149,0,0.5973154362
profile_pictures/_https.priyanshiiii_profile_pic.jpg,6,33,236,0,0.1398305085
profile_pictures/_moon_babe_.24_profile_pic.jpg,0,23,135,0,0.1703703704
profile_pictures/war_queen_0404_profile_pic.jpg,0,34,63,0,0.5396825397
profile_pictures/__.dhanya.__04_profile_pic.jpg,0,205,314,0,0.652866242
profile_pictures/samiyaaa_19_profile_pic.jpg,0,104,369,0,0.2818428184
profile_pictures/_.the_sleepyhead.___profile_pic.jpg,33,871,537,0,1.621973929
profile_pictures/_prvx_shtty_26_profile_pic.jpg,0,1458,1241,0,1.174858985
profile_pictures/certified.anushka_profile_pic.jpg,0,213,220,0,0.9681818182
profile_pictures/ft_jahnviiii_profile_pic.jpg,1,234,308,0,0.7597402597
profile_pictures/aakanksha_____30_profile_pic.jpg,0,242,378,0,0.6402116402
profile_pictures/jessy_urs0_profile_pic.jpg,0,16,16,0,1
profile_pictures/_yashu_356_profile_pic.jpg,2,87,766,0,0.1135770235
profile_pictures/rainaumarr_profile_pic.jpg,3,107,105,0,1.019047619
profile_pictures/si.dd.hi__profile_pic.jpg,13,31,47,0,0.6595744681
profile_pictures/ohh.itz_hunain_profile_pic.jpg,102,576,34,0,16.94117647
profile_pictures/itz_angel_0619_profile_pic.jpg,20,94,353,0,0.2662889518
profile_pictures/epic_dolle_profile_pic.jpg,0,69,164,0,0.4207317073
profile_pictures/vk._.pvt7_profile_pic.jpg,0,4,70,0,0.05714285714
profile_pictures/pragya_8121_profile_pic.jpg,0,159,396,0,0.4015151515
profile_pictures/the_stranger_feb_profile_pic.jpg,5,641,419,0,1.529832936
profile_pictures/ishuii.13_profile_pic.jpg,2,118,499,0,0.2364729459
profile_pictures/_.gopiiiee__profile_pic.jpg,2,257,389,0,0.6606683805
profile_pictures/khyatii_05_profile_pic.jpg,0,733,152,0,4.822368421
profile_pictures/_justt_pariii__profile_pic.jpg,0,239,124,0,1.927419355
profile_pictures/ananya___sehgal_profile_pic.jpg,30,567,681,0,0.8325991189
profile_pictures/mahizh_arasi_profile_pic.jpg,3,100,204,0,0.4901960784
profile_pictures/tragic_heaven_1111_profile_pic.jpg,3,75,181,0,0.4143646409
profile_pictures/iraj_saleem__profile_pic.jpg,0,5,41,1,0.1219512195
profile_pictures/japneet_2712_profile_pic.jpg,0,172,230,0,0.747826087
profile_pictures/sayeena_25_profile_pic.jpg,14,258,387,0,0.6666666667
profile_pictures/its_me_aaishazee_profile_pic.jpg,1,66,140,0,0.4714285714
profile_pictures/_notgayathri__profile_pic.jpg,46,284,988,0,0.2874493927
profile_pictures/khushuuuuu____profile_pic.jpg,1,264,319,0,0.8275862069
profile_pictures/itzz.pallaviii_profile_pic.jpg,0,349,318,0,1.097484277